Species_strain;Species;Strain;Time_h;Trp;Replicate;IAA
Pseudomonas putida 1013;Pseudomonas putida;1013;72;+Trp;R1;26,322
Pseudomonas putida 1013;Pseudomonas putida;1013;72;+Trp;R2;26,35
Pseudomonas putida 1013;Pseudomonas putida;1013;72;+Trp;R3;25,9946666666666
Pseudomonas putida 1013;Pseudomonas putida;1013;120;+Trp;R1;27,475
Pseudomonas putida 1013;Pseudomonas putida;1013;120;+Trp;R2;27,115
Pseudomonas putida 1013;Pseudomonas putida;1013;120;+Trp;R3;27,2433333333333
Pseudomonas putida 1013;Pseudomonas putida;1013;168;+Trp;R1;29,814
Pseudomonas putida 1013;Pseudomonas putida;1013;168;+Trp;R2;30,02
Pseudomonas putida 1013;Pseudomonas putida;1013;168;+Trp;R3;29,916
Pseudomonas putida 1013;Pseudomonas putida;1013;72;-Trp;R1;19,112
Pseudomonas putida 1013;Pseudomonas putida;1013;72;-Trp;R2;18,895
Pseudomonas putida 1013;Pseudomonas putida;1013;72;-Trp;R3;19,243
Pseudomonas putida 1013;Pseudomonas putida;1013;120;-Trp;R1;19,28
Pseudomonas putida 1013;Pseudomonas putida;1013;120;-Trp;R2;19,425
Pseudomonas putida 1013;Pseudomonas putida;1013;120;-Trp;R3;19,4616666666666
Pseudomonas putida 1013;Pseudomonas putida;1013;168;-Trp;R1;19,812
Pseudomonas putida 1013;Pseudomonas putida;1013;168;-Trp;R2;19,752
Pseudomonas putida 1013;Pseudomonas putida;1013;168;-Trp;R3;19,936
Stenotrophomonas maltophilia 1014;Stenotrophomonas maltophilia;1014;72;+Trp;R1;27,689
Stenotrophomonas maltophilia 1014;Stenotrophomonas maltophilia;1014;72;+Trp;R2;27,596
Stenotrophomonas maltophilia 1014;Stenotrophomonas maltophilia;1014;72;+Trp;R3;27,1316666666667
Stenotrophomonas maltophilia 1014;Stenotrophomonas maltophilia;1014;120;+Trp;R1;31,68
Stenotrophomonas maltophilia 1014;Stenotrophomonas maltophilia;1014;120;+Trp;R2;31,831
Stenotrophomonas maltophilia 1014;Stenotrophomonas maltophilia;1014;120;+Trp;R3;31,489
Stenotrophomonas maltophilia 1014;Stenotrophomonas maltophilia;1014;168;+Trp;R1;34,21
Stenotrophomonas maltophilia 1014;Stenotrophomonas maltophilia;1014;168;+Trp;R2;34,325
Stenotrophomonas maltophilia 1014;Stenotrophomonas maltophilia;1014;168;+Trp;R3;34,215
Stenotrophomonas maltophilia 1014;Stenotrophomonas maltophilia;1014;72;-Trp;R1;18,332
Stenotrophomonas maltophilia 1014;Stenotrophomonas maltophilia;1014;72;-Trp;R2;18,544
Stenotrophomonas maltophilia 1014;Stenotrophomonas maltophilia;1014;72;-Trp;R3;18,624
Stenotrophomonas maltophilia 1014;Stenotrophomonas maltophilia;1014;120;-Trp;R1;18,217
Stenotrophomonas maltophilia 1014;Stenotrophomonas maltophilia;1014;120;-Trp;R2;18,439
Stenotrophomonas maltophilia 1014;Stenotrophomonas maltophilia;1014;120;-Trp;R3;18,344
Stenotrophomonas maltophilia 1014;Stenotrophomonas maltophilia;1014;168;-Trp;R1;18,328
Stenotrophomonas maltophilia 1014;Stenotrophomonas maltophilia;1014;168;-Trp;R2;18,364
Stenotrophomonas maltophilia 1014;Stenotrophomonas maltophilia;1014;168;-Trp;R3;17,808
Erwinia billingiae 1015;Erwinia billingiae;1015;72;+Trp;R1;28,712
Erwinia billingiae 1015;Erwinia billingiae;1015;72;+Trp;R2;28,317
Erwinia billingiae 1015;Erwinia billingiae;1015;72;+Trp;R3;29,221
Erwinia billingiae 1015;Erwinia billingiae;1015;120;+Trp;R1;33,645
Erwinia billingiae 1015;Erwinia billingiae;1015;120;+Trp;R2;33,979
Erwinia billingiae 1015;Erwinia billingiae;1015;120;+Trp;R3;33,7093333333334
Erwinia billingiae 1015;Erwinia billingiae;1015;168;+Trp;R1;37,368
Erwinia billingiae 1015;Erwinia billingiae;1015;168;+Trp;R2;37,228
Erwinia billingiae 1015;Erwinia billingiae;1015;168;+Trp;R3;37,904
Erwinia billingiae 1015;Erwinia billingiae;1015;72;-Trp;R1;20,189
Erwinia billingiae 1015;Erwinia billingiae;1015;72;-Trp;R2;20,417
Erwinia billingiae 1015;Erwinia billingiae;1015;72;-Trp;R3;20,3106666666667
Erwinia billingiae 1015;Erwinia billingiae;1015;120;-Trp;R1;49,291
Erwinia billingiae 1015;Erwinia billingiae;1015;120;-Trp;R2;49,517
Erwinia billingiae 1015;Erwinia billingiae;1015;120;-Trp;R3;49,442
Erwinia billingiae 1015;Erwinia billingiae;1015;168;-Trp;R1;60,793
Erwinia billingiae 1015;Erwinia billingiae;1015;168;-Trp;R2;60,627
Erwinia billingiae 1015;Erwinia billingiae;1015;168;-Trp;R3;61,1633333333333
Erwinia billingiae 1016;Erwinia billingiae;1016;72;+Trp;R1;35,012
Erwinia billingiae 1016;Erwinia billingiae;1016;72;+Trp;R2;35,448
Erwinia billingiae 1016;Erwinia billingiae;1016;72;+Trp;R3;35,54
Erwinia billingiae 1016;Erwinia billingiae;1016;120;+Trp;R1;44,325
Erwinia billingiae 1016;Erwinia billingiae;1016;120;+Trp;R2;43,89
Erwinia billingiae 1016;Erwinia billingiae;1016;120;+Trp;R3;43,785
Erwinia billingiae 1016;Erwinia billingiae;1016;168;+Trp;R1;54,521
Erwinia billingiae 1016;Erwinia billingiae;1016;168;+Trp;R2;54,81
Erwinia billingiae 1016;Erwinia billingiae;1016;168;+Trp;R3;54,419
Erwinia billingiae 1016;Erwinia billingiae;1016;72;-Trp;R1;21,18
Erwinia billingiae 1016;Erwinia billingiae;1016;72;-Trp;R2;21,208
Erwinia billingiae 1016;Erwinia billingiae;1016;72;-Trp;R3;20,612
Erwinia billingiae 1016;Erwinia billingiae;1016;120;-Trp;R1;21,783
Erwinia billingiae 1016;Erwinia billingiae;1016;120;-Trp;R2;21,955
Erwinia billingiae 1016;Erwinia billingiae;1016;120;-Trp;R3;21,0953333333333
Erwinia billingiae 1016;Erwinia billingiae;1016;168;-Trp;R1;23,028
Erwinia billingiae 1016;Erwinia billingiae;1016;168;-Trp;R2;23,101
Erwinia billingiae 1016;Erwinia billingiae;1016;168;-Trp;R3;22,621
Pantoea agglomerans 1017;Pantoea agglomerans;1017;72;+Trp;R1;27,001
Pantoea agglomerans 1017;Pantoea agglomerans;1017;72;+Trp;R2;27,36
Pantoea agglomerans 1017;Pantoea agglomerans;1017;72;+Trp;R3;27,3056666666667
Pantoea agglomerans 1017;Pantoea agglomerans;1017;120;+Trp;R1;32,579
Pantoea agglomerans 1017;Pantoea agglomerans;1017;120;+Trp;R2;32,426
Pantoea agglomerans 1017;Pantoea agglomerans;1017;120;+Trp;R3;31,9116666666666
Pantoea agglomerans 1017;Pantoea agglomerans;1017;168;+Trp;R1;44,256
Pantoea agglomerans 1017;Pantoea agglomerans;1017;168;+Trp;R2;44,29
Pantoea agglomerans 1017;Pantoea agglomerans;1017;168;+Trp;R3;43,7873333333333
Pantoea agglomerans 1017;Pantoea agglomerans;1017;72;-Trp;R1;17,238
Pantoea agglomerans 1017;Pantoea agglomerans;1017;72;-Trp;R2;17,269
Pantoea agglomerans 1017;Pantoea agglomerans;1017;72;-Trp;R3;17,5763333333334
Pantoea agglomerans 1017;Pantoea agglomerans;1017;120;-Trp;R1;16,872
Pantoea agglomerans 1017;Pantoea agglomerans;1017;120;-Trp;R2;17,127
Pantoea agglomerans 1017;Pantoea agglomerans;1017;120;-Trp;R3;16,876
Pantoea agglomerans 1017;Pantoea agglomerans;1017;168;-Trp;R1;17,289
Pantoea agglomerans 1017;Pantoea agglomerans;1017;168;-Trp;R2;17,399
Pantoea agglomerans 1017;Pantoea agglomerans;1017;168;-Trp;R3;17,3953333333334
Erwinia billingiae 1018;Erwinia billingiae;1018;72;+Trp;R1;28,998
Erwinia billingiae 1018;Erwinia billingiae;1018;72;+Trp;R2;29,015
Erwinia billingiae 1018;Erwinia billingiae;1018;72;+Trp;R3;29,3203333333334
Erwinia billingiae 1018;Erwinia billingiae;1018;120;+Trp;R1;29,127
Erwinia billingiae 1018;Erwinia billingiae;1018;120;+Trp;R2;29,376
Erwinia billingiae 1018;Erwinia billingiae;1018;120;+Trp;R3;28,747
Erwinia billingiae 1018;Erwinia billingiae;1018;168;+Trp;R1;29,499
Erwinia billingiae 1018;Erwinia billingiae;1018;168;+Trp;R2;30,001
Erwinia billingiae 1018;Erwinia billingiae;1018;168;+Trp;R3;29,625
Erwinia billingiae 1018;Erwinia billingiae;1018;72;-Trp;R1;20,549
Erwinia billingiae 1018;Erwinia billingiae;1018;72;-Trp;R2;20,991
Erwinia billingiae 1018;Erwinia billingiae;1018;72;-Trp;R3;21,1266666666667
Erwinia billingiae 1018;Erwinia billingiae;1018;120;-Trp;R1;20,337
Erwinia billingiae 1018;Erwinia billingiae;1018;120;-Trp;R2;20,289
Erwinia billingiae 1018;Erwinia billingiae;1018;120;-Trp;R3;19,874
Erwinia billingiae 1018;Erwinia billingiae;1018;168;-Trp;R1;20,802
Erwinia billingiae 1018;Erwinia billingiae;1018;168;-Trp;R2;20,916
Erwinia billingiae 1018;Erwinia billingiae;1018;168;-Trp;R3;20,782
Stenotrophomonas maltophilia 1090;Stenotrophomonas maltophilia;1090;72;+Trp;R1;33,308
Stenotrophomonas maltophilia 1090;Stenotrophomonas maltophilia;1090;72;+Trp;R2;33,489
Stenotrophomonas maltophilia 1090;Stenotrophomonas maltophilia;1090;72;+Trp;R3;33,1196666666667
Stenotrophomonas maltophilia 1090;Stenotrophomonas maltophilia;1090;120;+Trp;R1;34,682
Stenotrophomonas maltophilia 1090;Stenotrophomonas maltophilia;1090;120;+Trp;R2;34,7
Stenotrophomonas maltophilia 1090;Stenotrophomonas maltophilia;1090;120;+Trp;R3;34,368
Stenotrophomonas maltophilia 1090;Stenotrophomonas maltophilia;1090;168;+Trp;R1;39,135
Stenotrophomonas maltophilia 1090;Stenotrophomonas maltophilia;1090;168;+Trp;R2;39,718
Stenotrophomonas maltophilia 1090;Stenotrophomonas maltophilia;1090;168;+Trp;R3;39,8136666666667
Stenotrophomonas maltophilia 1090;Stenotrophomonas maltophilia;1090;72;-Trp;R1;23,085
Stenotrophomonas maltophilia 1090;Stenotrophomonas maltophilia;1090;72;-Trp;R2;23,374
Stenotrophomonas maltophilia 1090;Stenotrophomonas maltophilia;1090;72;-Trp;R3;22,9576666666667
Stenotrophomonas maltophilia 1090;Stenotrophomonas maltophilia;1090;120;-Trp;R1;23,739
Stenotrophomonas maltophilia 1090;Stenotrophomonas maltophilia;1090;120;-Trp;R2;23,621
Stenotrophomonas maltophilia 1090;Stenotrophomonas maltophilia;1090;120;-Trp;R3;24,265
Stenotrophomonas maltophilia 1090;Stenotrophomonas maltophilia;1090;168;-Trp;R1;22,798
Stenotrophomonas maltophilia 1090;Stenotrophomonas maltophilia;1090;168;-Trp;R2;23,1
Stenotrophomonas maltophilia 1090;Stenotrophomonas maltophilia;1090;168;-Trp;R3;22,5186666666666
Penicillium chrysogenum 890;Penicillium chrysogenum;890;72;+Trp;R1;32,814
Penicillium chrysogenum 890;Penicillium chrysogenum;890;72;+Trp;R2;32,713
Penicillium chrysogenum 890;Penicillium chrysogenum;890;72;+Trp;R3;32,3896666666667
Penicillium chrysogenum 890;Penicillium chrysogenum;890;120;+Trp;R1;36,109
Penicillium chrysogenum 890;Penicillium chrysogenum;890;120;+Trp;R2;36,219
Penicillium chrysogenum 890;Penicillium chrysogenum;890;120;+Trp;R3;36,3386666666666
Penicillium chrysogenum 890;Penicillium chrysogenum;890;168;+Trp;R1;52,492
Penicillium chrysogenum 890;Penicillium chrysogenum;890;168;+Trp;R2;52,39
Penicillium chrysogenum 890;Penicillium chrysogenum;890;168;+Trp;R3;52,743
Penicillium chrysogenum 890;Penicillium chrysogenum;890;72;-Trp;R1;17,973
Penicillium chrysogenum 890;Penicillium chrysogenum;890;72;-Trp;R2;18,103
Penicillium chrysogenum 890;Penicillium chrysogenum;890;72;-Trp;R3;17,8406666666667
Penicillium chrysogenum 890;Penicillium chrysogenum;890;120;-Trp;R1;17,114
Penicillium chrysogenum 890;Penicillium chrysogenum;890;120;-Trp;R2;17,426
Penicillium chrysogenum 890;Penicillium chrysogenum;890;120;-Trp;R3;17,585
Penicillium chrysogenum 890;Penicillium chrysogenum;890;168;-Trp;R1;17,114
Penicillium chrysogenum 890;Penicillium chrysogenum;890;168;-Trp;R2;16,983
Penicillium chrysogenum 890;Penicillium chrysogenum;890;168;-Trp;R3;17,3196666666667
Nothophoma quercina 932;Nothophoma quercina;932;72;+Trp;R1;19,2
Nothophoma quercina 932;Nothophoma quercina;932;72;+Trp;R2;19,536
Nothophoma quercina 932;Nothophoma quercina;932;72;+Trp;R3;19,4306666666667
Nothophoma quercina 932;Nothophoma quercina;932;120;+Trp;R1;23,898
Nothophoma quercina 932;Nothophoma quercina;932;120;+Trp;R2;24,333
Nothophoma quercina 932;Nothophoma quercina;932;120;+Trp;R3;23,644
Nothophoma quercina 932;Nothophoma quercina;932;168;+Trp;R1;24,639
Nothophoma quercina 932;Nothophoma quercina;932;168;+Trp;R2;24,821
Nothophoma quercina 932;Nothophoma quercina;932;168;+Trp;R3;24,04
Nothophoma quercina 932;Nothophoma quercina;932;72;-Trp;R1;16,539
Nothophoma quercina 932;Nothophoma quercina;932;72;-Trp;R2;16,689
Nothophoma quercina 932;Nothophoma quercina;932;72;-Trp;R3;16,3553333333334
Nothophoma quercina 932;Nothophoma quercina;932;120;-Trp;R1;16,005
Nothophoma quercina 932;Nothophoma quercina;932;120;-Trp;R2;15,884
Nothophoma quercina 932;Nothophoma quercina;932;120;-Trp;R3;16,611
Nothophoma quercina 932;Nothophoma quercina;932;168;-Trp;R1;16,384
Nothophoma quercina 932;Nothophoma quercina;932;168;-Trp;R2;16,398
Nothophoma quercina 932;Nothophoma quercina;932;168;-Trp;R3;16,843
Fusarium avenaceum 950;Fusarium avenaceum;950;72;+Trp;R1;64,434
Fusarium avenaceum 950;Fusarium avenaceum;950;72;+Trp;R2;63,897
Fusarium avenaceum 950;Fusarium avenaceum;950;72;+Trp;R3;63,6690000000001
Fusarium avenaceum 950;Fusarium avenaceum;950;120;+Trp;R1;69,415
Fusarium avenaceum 950;Fusarium avenaceum;950;120;+Trp;R2;69,274
Fusarium avenaceum 950;Fusarium avenaceum;950;120;+Trp;R3;69,311
Fusarium avenaceum 950;Fusarium avenaceum;950;168;+Trp;R1;70,503
Fusarium avenaceum 950;Fusarium avenaceum;950;168;+Trp;R2;70,762
Fusarium avenaceum 950;Fusarium avenaceum;950;168;+Trp;R3;71,235
Fusarium avenaceum 950;Fusarium avenaceum;950;72;-Trp;R1;46,497
Fusarium avenaceum 950;Fusarium avenaceum;950;72;-Trp;R2;46,258
Fusarium avenaceum 950;Fusarium avenaceum;950;72;-Trp;R3;46,1616666666667
Fusarium avenaceum 950;Fusarium avenaceum;950;120;-Trp;R1;50,378
Fusarium avenaceum 950;Fusarium avenaceum;950;120;-Trp;R2;50,613
Fusarium avenaceum 950;Fusarium avenaceum;950;120;-Trp;R3;50,759
Fusarium avenaceum 950;Fusarium avenaceum;950;168;-Trp;R1;60,599
Fusarium avenaceum 950;Fusarium avenaceum;950;168;-Trp;R2;60,82
Fusarium avenaceum 950;Fusarium avenaceum;950;168;-Trp;R3;60,4976666666668
Aureobasidium pullulans 1107;Aureobasidium pullulans;1107;72;+Trp;R1;19,204
Aureobasidium pullulans 1107;Aureobasidium pullulans;1107;72;+Trp;R2;19,578
Aureobasidium pullulans 1107;Aureobasidium pullulans;1107;72;+Trp;R3;19,1346666666668
Aureobasidium pullulans 1107;Aureobasidium pullulans;1107;120;+Trp;R1;20,641
Aureobasidium pullulans 1107;Aureobasidium pullulans;1107;120;+Trp;R2;20,808
Aureobasidium pullulans 1107;Aureobasidium pullulans;1107;120;+Trp;R3;21,1343333333334
Aureobasidium pullulans 1107;Aureobasidium pullulans;1107;168;+Trp;R1;21,003
Aureobasidium pullulans 1107;Aureobasidium pullulans;1107;168;+Trp;R2;21,378
Aureobasidium pullulans 1107;Aureobasidium pullulans;1107;168;+Trp;R3;20,9523333333334
Aureobasidium pullulans 1107;Aureobasidium pullulans;1107;72;-Trp;R1;16,546
Aureobasidium pullulans 1107;Aureobasidium pullulans;1107;72;-Trp;R2;16,492
Aureobasidium pullulans 1107;Aureobasidium pullulans;1107;72;-Trp;R3;16,7953333333334
Aureobasidium pullulans 1107;Aureobasidium pullulans;1107;120;-Trp;R1;16,731
Aureobasidium pullulans 1107;Aureobasidium pullulans;1107;120;-Trp;R2;16,916
Aureobasidium pullulans 1107;Aureobasidium pullulans;1107;120;-Trp;R3;16,853
Aureobasidium pullulans 1107;Aureobasidium pullulans;1107;168;-Trp;R1;16,408
Aureobasidium pullulans 1107;Aureobasidium pullulans;1107;168;-Trp;R2;16,402
Aureobasidium pullulans 1107;Aureobasidium pullulans;1107;168;-Trp;R3;16,065
