Strain;P;K;Zn
1013,1;1;1;1
1013,2;1;1;1
1013,3;1;1;1
1014,1;1;1;1
1014,2;1;1;1
1014,3;1;1;1
1015,1;1;1;1
1015,2;1;1;1
1015,3;1;1;1
1017,1;1;1;1
1017,2;1;1;1
1017,3;1;1;1
950,1;1;1;1
950,2;1;1;1
950,3;1;1;1
890,1;2,2;2,6;1
890,2;2,5;2,57142857142857;1
890,3;2,44444444444444;3,16666666666667;1
932,1;3,5;1;1
932,2;2,66666666666667;1;1
932,3;2,66666666666667;1;1
1107,1;2,25;1;1
1107,2;2,25;1;1
1107,3;2,5;1;1
1016,1;1;3;1
1016,2;1;3;1
1016,3;1;3,5;1
1018,1;3,66666666666667;3,5;1
1018,2;2,8;4,5;1
1018,3;3,33333333333333;4,5;1
1090,1;3;3;1
1090,2;3;3,33333333333333;1
1090,3;2,66666666666667;3;1
