Strain;Trait;Rep;Value
1013;Inhib_B05.10;1;30,10099251
1013;Inhib_B05.10;2;35,84885948
1013;Inhib_B05.10;3;36,31969354
1013;Inhib_UCA992;1;68,41027722
1013;Inhib_UCA992;2;66,33712673
1013;Inhib_UCA992;3;67,43712673
1014;Inhib_B05.10;1;41,97309101
1014;Inhib_B05.10;2;43,8715131
1014;Inhib_B05.10;3;40,43216399
1014;Inhib_UCA992;1;75,16
1014;Inhib_UCA992;2;75,47
1014;Inhib_UCA992;3;74,95
1015;Inhib_B05.10;1;54,6
1015;Inhib_B05.10;2;58,80
1015;Inhib_B05.10;3;56,45
1015;Inhib_UCA992;1;70,68
1015;Inhib_UCA992;2;74,21
1015;Inhib_UCA992;3;68,24
1016;Inhib_B05.10;1;16,55
1016;Inhib_B05.10;2;17,42
1016;Inhib_B05.10;3;18,61
1016;Inhib_UCA992;1;46,86
1016;Inhib_UCA992;2;51,74
1016;Inhib_UCA992;3;48,56
1017;Inhib_B05.10;1;54,25614035
1017;Inhib_B05.10;2;56,90175439
1017;Inhib_B05.10;3;54,33684211
1017;Inhib_UCA992;1;74,51
1017;Inhib_UCA992;2;70,85
1017;Inhib_UCA992;3;67,25
1018;Inhib_B05.10;1;27,69
1018;Inhib_B05.10;2;31,23
1018;Inhib_B05.10;3;32,36
1018;Inhib_UCA992;1;46,27
1018;Inhib_UCA992;2;42,63
1018;Inhib_UCA992;3;45,96
1090;Inhib_B05.10;1;25,71
1090;Inhib_B05.10;2;29,44
1090;Inhib_B05.10;3;30,78
1090;Inhib_UCA992;1;75,25
1090;Inhib_UCA992;2;72,50
1090;Inhib_UCA992;3;72,9
890;Inhib_B05.10;1;24,81
890;Inhib_B05.10;2;29,55
890;Inhib_B05.10;3;22,91
890;Inhib_UCA992;1;52,64
890;Inhib_UCA992;2;48,2
890;Inhib_UCA992;3;52,44
932;Inhib_B05.10;1;33,55
932;Inhib_B05.10;2;27,75
932;Inhib_B05.10;3;31,50
932;Inhib_UCA992;1;40,82
932;Inhib_UCA992;2;42,17
932;Inhib_UCA992;3;47,22
950;Inhib_B05.10;1;20,13
950;Inhib_B05.10;2;22,2
950;Inhib_B05.10;3;24,87
950;Inhib_UCA992;1;44,69
950;Inhib_UCA992;2;45,36
950;Inhib_UCA992;3;50,85
1107;Inhib_B05.10;1;51,12
1107;Inhib_B05.10;2;51,12
1107;Inhib_B05.10;3;57,16
1107;Inhib_UCA992;1;56,25
1107;Inhib_UCA992;2;49,6
1107;Inhib_UCA992;3;52,32
