Strain;Replicate;Time;Condition;Value
1013;R1;3;ACC+;0,1265
1013;R2;3;ACC+;0,1306
1013;R3;3;ACC+;0,1347
1013;R1;3;(NH4)2SO4;0,1313
1013;R2;3;(NH4)2SO4;0,1456
1013;R3;3;(NH4)2SO4;0,1466
1013;R1;5;ACC+;0,1432
1013;R2;5;ACC+;0,1447
1013;R3;5;ACC+;0,147
1013;R1;5;(NH4)2SO4;0,1632
1013;R2;5;(NH4)2SO4;0,1594
1013;R3;5;(NH4)2SO4;0,1538
1013;R1;7;ACC+;0,1266
1013;R2;7;ACC+;0,1484
1013;R3;7;ACC+;0,1369
1013;R1;7;(NH4)2SO4;0,2548
1013;R2;7;(NH4)2SO4;0,2281
1013;R3;7;(NH4)2SO4;0,2425
1014;R1;3;ACC+;0,149
1014;R2;3;ACC+;0,1423
1014;R3;3;ACC+;0,1339
1014;R1;3;(NH4)2SO4;0,1634
1014;R2;3;(NH4)2SO4;0,1715
1014;R3;3;(NH4)2SO4;0,1684
1014;R1;5;ACC+;0,1333
1014;R2;5;ACC+;0,1399
1014;R3;5;ACC+;0,1426
1014;R1;5;(NH4)2SO4;0,1491
1014;R2;5;(NH4)2SO4;0,1539
1014;R3;5;(NH4)2SO4;0,1586
1014;R1;7;ACC+;0,1374
1014;R2;7;ACC+;0,2684
1014;R3;7;ACC+;0,2462
1014;R1;7;(NH4)2SO4;0,2715
1014;R2;7;(NH4)2SO4;0,311
1014;R3;7;(NH4)2SO4;0,3414
1015;R1;3;ACC+;0,1188
1015;R2;3;ACC+;0,1197
1015;R3;3;ACC+;0,1161
1015;R1;3;(NH4)2SO4;0,1355
1015;R2;3;(NH4)2SO4;0,1388
1015;R3;3;(NH4)2SO4;0,1446
1015;R1;5;ACC+;0,1343
1015;R2;5;ACC+;0,1396
1015;R3;5;ACC+;0,1324
1015;R1;5;(NH4)2SO4;0,2095
1015;R2;5;(NH4)2SO4;0,146
1015;R3;5;(NH4)2SO4;0,1572
1015;R1;7;ACC+;0,1955
1015;R2;7;ACC+;0,1636
1015;R3;7;ACC+;0,2218
1015;R1;7;(NH4)2SO4;0,3448
1015;R2;7;(NH4)2SO4;0,3165
1015;R3;7;(NH4)2SO4;0,3531
1016;R1;3;ACC+;0,1104
1016;R2;3;ACC+;0,1085
1016;R3;3;ACC+;0,1096
1016;R1;3;(NH4)2SO4;0,1404
1016;R2;3;(NH4)2SO4;0,1362
1016;R3;3;(NH4)2SO4;0,1423
1016;R1;5;ACC+;0,1477
1016;R2;5;ACC+;0,1471
1016;R3;5;ACC+;0,1402
1016;R1;5;(NH4)2SO4;0,1501
1016;R2;5;(NH4)2SO4;0,1535
1016;R3;5;(NH4)2SO4;0,1768
1016;R1;7;ACC+;0,2175
1016;R2;7;ACC+;0,2076
1016;R3;7;ACC+;0,2058
1016;R1;7;(NH4)2SO4;0,2524
1016;R2;7;(NH4)2SO4;0,2764
1016;R3;7;(NH4)2SO4;0,2209
1017;R1;3;ACC+;0,192
1017;R2;3;ACC+;0,1933
1017;R3;3;ACC+;0,2174
1017;R1;3;(NH4)2SO4;0,2049
1017;R2;3;(NH4)2SO4;0,2042
1017;R3;3;(NH4)2SO4;0,1992
1017;R1;5;ACC+;0,2136
1017;R2;5;ACC+;0,2147
1017;R3;5;ACC+;0,2217
1017;R1;5;(NH4)2SO4;0,2839
1017;R2;5;(NH4)2SO4;0,273
1017;R3;5;(NH4)2SO4;0,2553
1017;R1;7;ACC+;0,2399
1017;R2;7;ACC+;0,2353
1017;R3;7;ACC+;0,2377
1017;R1;7;(NH4)2SO4;0,275
1017;R2;7;(NH4)2SO4;0,2521
1017;R3;7;(NH4)2SO4;0,2591
1018;R1;3;ACC+;0,1954
1018;R2;3;ACC+;0,2182
1018;R3;3;ACC+;0,2664
1018;R1;3;(NH4)2SO4;0,2234
1018;R2;3;(NH4)2SO4;0,2275
1018;R3;3;(NH4)2SO4;0,2173
1018;R1;5;ACC+;0,2066
1018;R2;5;ACC+;0,2094
1018;R3;5;ACC+;0,2626
1018;R1;5;(NH4)2SO4;0,2506
1018;R2;5;(NH4)2SO4;0,2585
1018;R3;5;(NH4)2SO4;0,2653
1018;R1;7;ACC+;0,2179
1018;R2;7;ACC+;0,2408
1018;R3;7;ACC+;0,2399
1018;R1;7;(NH4)2SO4;0,2496
1018;R2;7;(NH4)2SO4;0,2779
1018;R3;7;(NH4)2SO4;0,2167
1090;R1;3;ACC+;0,1284
1090;R2;3;ACC+;0,1299
1090;R3;3;ACC+;0,134
1090;R1;3;(NH4)2SO4;0,1625
1090;R2;3;(NH4)2SO4;0,1536
1090;R3;3;(NH4)2SO4;0,1556
1090;R1;5;ACC+;0,1323
1090;R2;5;ACC+;0,1295
1090;R3;5;ACC+;0,1376
1090;R1;5;(NH4)2SO4;0,2312
1090;R2;5;(NH4)2SO4;0,2603
1090;R3;5;(NH4)2SO4;0,2039
1090;R1;7;ACC+;0,1879
1090;R2;7;ACC+;0,2109
1090;R3;7;ACC+;0,2028
1090;R1;7;(NH4)2SO4;0,2644
1090;R2;7;(NH4)2SO4;0,2664
1090;R3;7;(NH4)2SO4;0,2169
1107;R1;3;ACC+;0,2412
1107;R2;3;ACC+;0,2393
1107;R3;3;ACC+;0,202
1107;R1;3;(NH4)2SO4;0,1799
1107;R2;3;(NH4)2SO4;0,1776
1107;R3;3;(NH4)2SO4;0,2565
1107;R1;5;ACC+;0,2523
1107;R2;5;ACC+;0,2828
1107;R3;5;ACC+;0,3062
1107;R1;5;(NH4)2SO4;0,3469
1107;R2;5;(NH4)2SO4;0,5779
1107;R3;5;(NH4)2SO4;0,316
1107;R1;7;ACC+;0,2849
1107;R2;7;ACC+;0,3114
1107;R3;7;ACC+;0,2648
1107;R1;7;(NH4)2SO4;0,3868
1107;R2;7;(NH4)2SO4;0,3509
1107;R3;7;(NH4)2SO4;0,3394
1013;R1;3;ACC-;0,141
1013;R2;3;ACC-;0,1479
1013;R3;3;ACC-;0,087
1013;R1;5;ACC-;0,1526
1013;R2;5;ACC-;0,1607
1013;R3;5;ACC-;0,0917
1013;R1;7;ACC-;0,1902
1013;R2;7;ACC-;0,1544
1013;R3;7;ACC-;0,0981
1014;R1;3;ACC-;0,1488
1014;R2;3;ACC-;0,1552
1014;R3;3;ACC-;0,1576
1014;R1;5;ACC-;0,1523
1014;R2;5;ACC-;0,1615
1014;R3;5;ACC-;0,153
1014;R1;7;ACC-;0,3073
1014;R2;7;ACC-;0,3301
1014;R3;7;ACC-;0,3555
1015;R1;3;ACC-;0,1277
1015;R2;3;ACC-;0,1396
1015;R3;3;ACC-;0,1408
1015;R1;5;ACC-;0,1408
1015;R2;5;ACC-;0,1546
1015;R3;5;ACC-;0,1473
1015;R1;7;ACC-;0,2583
1015;R2;7;ACC-;0,2194
1015;R3;7;ACC-;0,2435
1016;R1;3;ACC-;0,139
1016;R2;3;ACC-;0,1307
1016;R3;3;ACC-;0,1814
1016;R1;5;ACC-;0,1704
1016;R2;5;ACC-;0,1451
1016;R3;5;ACC-;0,2342
1016;R1;7;ACC-;0,2382
1016;R2;7;ACC-;0,2305
1016;R3;7;ACC-;0,3291
1017;R1;3;ACC-;0,2243
1017;R2;3;ACC-;0,2198
1017;R3;3;ACC-;0,2212
1017;R1;5;ACC-;0,2563
1017;R2;5;ACC-;0,2861
1017;R3;5;ACC-;0,2607
1017;R1;7;ACC-;0,2991
1017;R2;7;ACC-;0,2795
1017;R3;7;ACC-;0,2615
1018;R1;3;ACC-;0,2303
1018;R2;3;ACC-;0,2545
1018;R3;3;ACC-;0,2393
1018;R1;5;ACC-;0,2241
1018;R2;5;ACC-;0,2366
1018;R3;5;ACC-;0,2272
1018;R1;7;ACC-;0,2293
1018;R2;7;ACC-;0,2554
1018;R3;7;ACC-;0,2429
1090;R1;3;ACC-;0,1545
1090;R2;3;ACC-;0,1372
1090;R3;3;ACC-;0,143
1090;R1;5;ACC-;0,1881
1090;R2;5;ACC-;0,1567
1090;R3;5;ACC-;0,1666
1090;R1;7;ACC-;0,3188
1090;R2;7;ACC-;0,2501
1090;R3;7;ACC-;0,2635
1107;R1;3;ACC-;0,2837
1107;R2;3;ACC-;0,2859
1107;R3;3;ACC-;0,2439
1107;R1;5;ACC-;0,2916
1107;R2;5;ACC-;0,2709
1107;R3;5;ACC-;0,2515
1107;R1;7;ACC-;0,3197
1107;R2;7;ACC-;0,3047
1107;R3;7;ACC-;0,2907
