strain;peg;time;n1;n2;n3
1018;0;0;0,2013;0,1951;0,2044
1018;0;4;0,4634;0,4574;0,4635
1018;0;8;0,84;0,8178;0,8365
1018;0;12;1,3397;1,3057;1,2761
1018;0;16;1,3797;1,3546;1,3524
1018;0;20;1,4364;1,3859;1,3824
1018;0;24;1,4867;1,427;1,4206
1018;0;28;1,5024;1,4851;1,4282
1018;5;0;0,198;0,205;0,1985
1018;5;4;0,2514;0,245;0,2602
1018;5;8;0,2945;0,2965;0,3053
1018;5;12;0,3327;0,3372;0,3396
1018;5;16;0,3639;0,3582;0,3576
1018;5;20;0,3866;0,3913;0,3845
1018;5;24;0,4264;0,4194;0,4221
1018;5;28;0,4497;0,4558;0,4556
1018;10;0;0,2033;0,2055;0,1984
1018;10;4;0,2459;0,2468;0,2371
1018;10;8;0,2449;0,2387;0,2389
1018;10;12;0,2498;0,2437;0,2412
1018;10;16;0,2591;0,2521;0,2464
1018;10;20;0,2724;0,266;0,2622
1018;10;24;0,2896;0,2792;0,2816
1018;10;28;0,3119;0,3184;0,3044
1018;20;0;0,1944;0,2047;0,2041
1018;20;4;0,182;0,2093;0,2317
1018;20;8;0,2462;0,2786;0,3028
1018;20;12;0,2765;0,3258;0,3516
1018;20;16;0,3157;0,3704;0,4017
1018;20;20;0,3501;0,3865;0,4438
1018;20;24;0,3363;0,4034;0,426
1018;20;28;0,4228;0,3732;0,4748
1018;40;0;0,2016;0,1938;0,2063
1018;40;4;0,1676;0,1532;0,1938
1018;40;8;0,1666;0,1539;0,1942
1018;40;12;0,1587;0,1597;0,1947
1018;40;16;0,1595;0,1595;0,1951
1018;40;20;0,1516;0,1573;0,1886
1018;40;24;0,152;0,1531;0,1866
1018;40;28;0,1534;0,1486;0,1845
1015;0;0;0,1967;0,2029;0,2063
1015;0;4;0,2105;0,221;0,2152
1015;0;8;0,2942;0,2883;0,2879
1015;0;12;0,3223;0,3187;0,3153
1015;0;16;0,3655;0,3628;0,3586
1015;0;20;0,4253;0,4247;0,419
1015;0;24;0,49;0,4903;0,4841
1015;0;28;0,5165;0,521;0,5089
1015;10;0;0,2042;0,1991;0,1947
1015;10;4;0,2183;0,2194;0,2568
1015;10;8;0,2023;0,2421;0,2536
1015;10;12;0,2098;0,2635;0,2328
1015;10;16;0,2238;0,2835;0,2465
1015;10;20;0,2696;0,3141;0,2489
1015;10;24;0,3636;0,2989;0,2957
1015;10;28;0,3922;0,308;0,3574
1015;20;0;0,1987;0,1917;0,2037
1015;20;4;0,3075;0,3263;0,3251
1015;20;8;0,3112;0,3277;0,3358
1015;20;12;0,337;0,3089;0,3339
1015;20;16;0,3513;0,3319;0,3228
1015;20;20;0,359;0,3502;0,3274
1015;20;24;0,3544;0,3741;0,3456
1015;20;28;0,3568;0,3858;0,3779
1015;40;0;0,2034;0,1978;0,2042
1015;40;4;0,2034;0,1914;0,1894
1015;40;8;0,3173;0,3045;0,2514
1015;40;12;0,1264;0,1236;0,1194
1015;40;16;0,2033;0,1642;0,2043
1015;40;20;0,193;0,1833;0,209
1015;40;24;0,1873;0,1748;0,1994
1015;40;28;0,1686;0,1646;0,1827
1015;5;0;0,201;0,2036;0,1944
1015;5;4;0,1793;0,1759;0,1723
1015;5;8;0,2267;0,2257;0,2174
1015;5;12;0,3259;0,3428;0,3072
1015;5;16;0,4323;0,4133;0,4186
1015;5;20;0,5141;0,5035;0,514
1015;5;24;0,5525;0,5442;0,544
1015;5;28;0,5624;0,5731;0,58
1014;0;0;0,2;0,2063;0,1987
1014;0;4;0,3068;0,3433;0,3302
1014;0;8;0,4103;0,4198;0,4311
1014;0;12;0,4769;0,4721;0,5027
1014;0;16;0,4681;0,5097;0,5129
1014;0;20;0,5282;0,5042;0,484
1014;0;24;0,5199;0,5413;0,5104
1014;0;28;0,529;0,545;0,5105
1014;10;0;0,1986;0,1984;0,2094
1014;10;4;0,3008;0,3046;0,2618
1014;10;8;0,2979;0,2728;0,2599
1014;10;12;0,323;0,3069;0,2994
1014;10;16;0,3275;0,3311;0,3075
1014;10;20;0,3204;0,3414;0,3116
1014;10;24;0,3362;0,3325;0,3122
1014;10;28;0,384;0,3599;0,3328
1014;20;0;0,1947;0,2014;0,207
1014;20;4;0,2008;0,2163;0,2108
1014;20;8;0,2619;0,326;0,2844
1014;20;12;0,2844;0,3118;0,3599
1014;20;16;0,3004;0,3569;0,3815
1014;20;20;0,3868;0,3116;0,3614
1014;20;24;0,3934;0,316;0,3694
1014;20;28;0,3851;0,3209;0,3881
1014;40;0;0,1974;0,2081;0,1969
1014;40;4;0,165;0,1673;0,1984
1014;40;8;0,22;0,2731;0,2272
1014;40;12;0,287;0,2897;0,2324
1014;40;16;0,2763;0,2178;0,2413
1014;40;20;0,2816;0,2218;0,264
1014;40;24;0,2443;0,2682;0,2106
1014;40;28;0,2648;0,2704;0,2158
1014;5;0;0,2057;0,1943;0,197
1014;5;4;0,2566;0,202;0,2395
1014;5;8;0,1626;0,1439;0,183
1014;5;12;0,1775;0,145;0,182
1014;5;16;0,1828;0,1442;0,1724
1014;5;20;0,1704;0,1588;0,1999
1014;5;24;0,1792;0,1672;0,2104
1014;5;28;0,1926;0,1875;0,2323
1090;0;0;0,203;0,1946;0,1988
1090;0;4;0,3984;0,385;0,3914
1090;0;8;0,4457;0,4078;0,4368
1090;0;12;0,4747;0,4171;0,514
1090;0;16;0,4466;0,4309;0,5357
1090;0;20;0,4578;0,4447;0,5336
1090;0;24;0,5046;0,4716;0,5316
1090;0;28;0,5111;0,4771;0,5725
1090;10;0;0,1956;0,198;0,2059
1090;10;4;0,2939;0,2959;0,3007
1090;10;8;0,3612;0,3549;0,3703
1090;10;12;0,3705;0,3397;0,3764
1090;10;16;0,4166;0,3884;0,4148
1090;10;20;0,4434;0,4232;0,4405
1090;10;24;0,4988;0,4506;0,4795
1090;10;28;0,5133;0,5053;0,4979
1090;20;0;0,1973;0,207;0,1997
1090;20;4;0,2025;0,2178;0,1947
1090;20;8;0,2827;0,3247;0,2562
1090;20;12;0,2898;0,3549;0,2903
1090;20;16;0,356;0,3931;0,3351
1090;20;20;0,3611;0,4066;0,3414
1090;20;24;0,3977;0,3736;0,3282
1090;20;28;0,32;0,3879;0,3975
1090;40;0;0,1951;0,2019;0,2056
1090;40;4;0,1739;0,1892;0,1847
1090;40;8;0,2197;0,2266;0,2223
1090;40;12;0,2095;0,259;0,2143
1090;40;16;0,3368;0,3895;0,3876
1090;40;20;0,3628;0,4171;0,4046
1090;40;24;0,381;0,4266;0,4232
1090;40;28;0,4475;0,4274;0,3959
1090;5;0;0,1952;0,2055;0,2062
1090;5;4;0,2656;0,2688;0,2726
1090;5;8;0,3628;0,3561;0,3554
1090;5;12;0,3897;0,385;0,3829
1090;5;16;0,4048;0,3988;0,3987
1090;5;20;0,3998;0,4029;0,3952
1090;5;24;0,4063;0,3994;0,404
1090;5;28;0,4119;0,4049;0,4083
1013;0;0;0,2041;0,2064;0,1957
1013;0;4;0,2496;0,2539;0,247
1013;0;8;0,3296;0,3311;0,3233
1013;0;12;0,3425;0,3535;0,3336
1013;0;16;0,3384;0,3426;0,3454
1013;0;20;0,354;0,3613;0,373
1013;0;24;0,3707;0,3656;0,3739
1013;0;28;0,3782;0,3814;0,3852
1013;10;0;0,1959;0,2027;0,1972
1013;10;4;0,2288;0,2456;0,2439
1013;10;8;0,2579;0,277;0,2724
1013;10;12;0,2637;0,2907;0,2665
1013;10;16;0,2657;0,2885;0,285
1013;10;20;0,2772;0,2992;0,2762
1013;10;24;0,2802;0,3048;0,2922
1013;10;28;0,2917;0,3131;0,2959
1013;20;0;0,1971;0,2054;0,1973
1013;20;4;0,2761;0,3043;0,2755
1013;20;8;0,3138;0,3204;0,2834
1013;20;12;0,3266;0,2894;0,3174
1013;20;16;0,3271;0,323;0,3439
1013;20;20;0,3656;0,3557;0,3541
1013;20;24;0,3834;0,3896;0,3893
1013;20;28;0,4086;0,4259;0,4195
1013;40;0;0,1995;0,1969;0,2077
1013;40;4;0,1495;0,1833;0,1874
1013;40;8;0,1656;0,2094;0,1997
1013;40;12;0,2321;0,2949;0,26
1013;40;16;0,3589;0,3973;0,312
1013;40;20;0,3609;0,3886;0,3057
1013;40;24;0,3312;0,421;0,3722
1013;40;28;0,4577;0,3727;0,3756
1013;5;0;0,209;0,1965;0,2001
1013;5;4;0,2643;0,2489;0,2409
1013;5;8;0,2846;0,2727;0,2613
1013;5;12;0,3078;0,3095;0,291
1013;5;16;0,3137;0,3297;0,3268
1013;5;20;0,3537;0,3559;0,3619
1013;5;24;0,3702;0,383;0,364
1013;5;28;0,38;0,3856;0,3865
1017;0;0;0,2006;0,2069;0,1982
1017;0;4;0,278;0,2785;0,2722
1017;0;8;0,2574;0,2414;0,2514
1017;0;12;0,2795;0,2478;0,2652
1017;0;16;0,338;0,2841;0,3303
1017;0;20;0,2506;0,2928;0,3189
1017;0;24;0,2598;0,3116;0,329
1017;0;28;0,2874;0,2962;0,3393
1017;10;0;0,1962;0,2046;0,2027
1017;10;4;0,2116;0,2169;0,2054
1017;10;8;0,2181;0,2215;0,2278
1017;10;12;0,2167;0,2236;0,221
1017;10;16;0,2364;0,2763;0,2705
1017;10;20;0,241;0,3065;0,2833
1017;10;24;0,2795;0,3175;0,3431
1017;10;28;0,3431;0,366;0,3451
1017;20;0;0,1981;0,1926;0,2041
1017;20;4;0,229;0,2211;0,2319
1017;20;8;0,2901;0,3122;0,2637
1017;20;12;0,2963;0,2856;0,3552
1017;20;16;0,289;0,3157;0,3356
1017;20;20;0,3205;0,3388;0,3318
1017;20;24;0,3624;0,3666;0,3694
1017;20;28;0,3589;0,3893;0,3424
1017;40;0;0,2046;0,1956;0,2052
1017;40;4;0,2052;0,1796;0,2133
1017;40;8;0,2062;0,197;0,2238
1017;40;12;0,218;0,2464;0,2368
1017;40;16;0,2861;0,292;0,2925
1017;40;20;0,2874;0,2973;0,2809
1017;40;24;0,2915;0,2983;0,2965
1017;40;28;0,3036;0,3091;0,3107
1017;5;0;0,1983;0,194;0,2067
1017;5;4;0,2353;0,2326;0,2412
1017;5;8;0,2394;0,2384;0,2628
1017;5;12;0,2701;0,2433;0,2799
1017;5;16;0,2635;0,2705;0,285
1017;5;20;0,2832;0,2532;0,2799
1017;5;24;0,3192;0,3013;0,3147
1017;5;28;0,3466;0,3214;0,3294
1016;0;0;0,2042;0,1988;0,1942
1016;0;4;0,246;0,2498;0,2381
1016;0;8;0,3249;0,3516;0,3078
1016;0;12;0,3229;0,3705;0,4072
1016;0;16;0,4143;0,3701;0,3903
1016;0;20;0,4;0,4237;0,4403
1016;0;24;0,436;0,4442;0,4699
1016;0;28;0,4647;0,4798;0,4914
1016;10;0;0,1946;0,203;0,1962
1016;10;4;0,196;0,2491;0,2316
1016;10;8;0,1987;0,2515;0,2179
1016;10;12;0,1873;0,2383;0,2119
1016;10;16;0,1813;0,2304;0,2033
1016;10;20;0,1754;0,2234;0,2018
1016;10;24;0,1821;0,2292;0,2217
1016;10;28;0,2125;0,2576;0,2549
1016;20;0;0,1969;0,2033;0,2026
1016;20;4;0,2475;0,2739;0,2365
1016;20;8;0,2483;0,2341;0,2486
1016;20;12;0,2384;0,2575;0,2465
1016;20;16;0,2678;0,2645;0,2829
1016;20;20;0,2696;0,2945;0,2719
1016;20;24;0,2925;0,2997;0,2754
1016;20;28;0,3108;0,2891;0,3012
1016;40;0;0,2013;0,2055;0,1939
1016;40;4;0,1664;0,1323;0,1613
1016;40;8;0,1721;0,1395;0,142
1016;40;12;0,1307;0,1133;0,1442
1016;40;16;0,2514;0,3186;0,3011
1016;40;20;0,3563;0,284;0,3477
1016;40;24;0,355;0,3044;0,3874
1016;40;28;0,4007;0,321;0,3958
1016;5;0;0,1988;0,1994;0,2079
1016;5;4;0,206;0,2222;0,2294
1016;5;8;0,1994;0,2081;0,2125
1016;5;12;0,1982;0,2129;0,2118
1016;5;16;0,2113;0,2433;0,2292
1016;5;20;0,2588;0,2719;0,2718
1016;5;24;0,3412;0,3372;0,3283
1016;5;28;0,3616;0,3862;0,385
1107;0;0;0,1928;0,2031;0,2005
1107;0;4;0,1878;0,1853;0,2258
1107;0;8;0,2963;0,2613;0,2918
1107;0;12;0,3504;0,3949;0,3667
1107;0;16;0,4116;0,4442;0,3938
1107;0;20;0,4531;0,4384;0,4081
1107;0;24;0,4669;0,4896;0,4337
1107;0;28;0,4916;0,531;0,4735
1107;10;0;0,1986;0,2007;0,2065
1107;10;4;0,2138;0,2116;0,2366
1107;10;8;0,2811;0,2939;0,3035
1107;10;12;0,3809;0,4087;0,3952
1107;10;16;0,5235;0,5008;0,5206
1107;10;20;0,653;0,6463;0,6783
1107;10;24;0,7019;0,7239;0,6788
1107;10;28;0,7519;0,7244;0,7153
1107;20;0;0,1988;0,2047;0,1967
1107;20;4;0,1792;0,189;0,2232
1107;20;8;0,2284;0,2271;0,1899
1107;20;12;0,2561;0,2195;0,2712
1107;20;16;0,2748;0,3179;0,2979
1107;20;20;0,3548;0,3607;0,3175
1107;20;24;0,3917;0,3481;0,3799
1107;20;28;0,3722;0,394;0,4358
1107;40;0;0,1949;0,2018;0,2025
1107;40;4;0,1616;0,1817;0,1762
1107;40;8;0,1733;0,1485;0,1375
1107;40;12;0,1685;0,1774;0,2108
1107;40;16;0,1834;0,1902;0,2281
1107;40;20;0,0999;0,1281;0,1191
1107;40;24;0,0956;0,0977;0,1215
1107;40;28;0,1068;0,0862;0,1139
1107;5;0;0,2005;0,2008;0,1918
1107;5;4;0,1984;0,1953;0,2115
1107;5;8;0,3621;0,3412;0,3666
1107;5;12;0,4408;0,4259;0,4566
1107;5;16;0,5628;0,5401;0,5466
1107;5;20;0,6003;0,5932;0,604
1107;5;24;0,6334;0,6438;0,6386
1107;5;28;0,6746;0,6835;0,6739
TSB;0;0;0,1534;0,1563;0,1541
TSB;0;4;0,1586;0,1562;0,1571
TSB;0;8;0,1559;0,1566;0,1549
TSB;0;12;0,1554;0,1582;0,1562
TSB;0;16;0,1537;0,1556;0,1551
TSB;0;20;0,157;0,1539;0,1552
TSB;0;24;0,1531;0,1529;0,1569
TSB;0;28;0,1534;0,1568;0,154
TSB;5;0;0,1619;0,164;0,1629
TSB;5;4;0,1607;0,1637;0,1623
TSB;5;8;0,1624;0,1596;0,1616
TSB;5;12;0,1581;0,166;0,1623
TSB;5;16;0,155;0,1597;0,1607
TSB;5;20;0,1589;0,1629;0,1621
TSB;5;24;0,1611;0,1558;0,1622
TSB;5;28;0,1616;0,1646;0,1625
TSB;10;0;0,1668;0,1664;0,1653
TSB;10;4;0,1652;0,1676;0,1681
TSB;10;8;0,1636;0,1675;0,1655
TSB;10;12;0,1653;0,1642;0,1629
TSB;10;16;0,1679;0,1685;0,1723
TSB;10;20;0,165;0,1684;0,1682
TSB;10;24;0,1667;0,1707;0,1668
TSB;10;28;0,1672;0,1669;0,165
TSB;20;0;0,18;0,1787;0,1799
TSB;20;4;0,1755;0,1755;0,1781
TSB;20;8;0,1814;0,1783;0,1796
TSB;20;12;0,1783;0,1816;0,1802
TSB;20;16;0,1811;0,1783;0,1843
TSB;20;20;0,1782;0,1802;0,1823
TSB;20;24;0,1832;0,1856;0,1804
TSB;20;28;0,1795;0,1782;0,1802
TSB;40;0;0,2044;0,2025;0,2032
TSB;40;4;0,2053;0,2077;0,2009
TSB;40;8;0,2024;0,2063;0,1997
TSB;40;12;0,2024;0,2031;0,206
TSB;40;16;0,2032;0,2054;0,1994
TSB;40;20;0,2019;0,2013;0,205
TSB;40;24;0,2043;0,1982;0,2088
TSB;40;28;0,2043;0,2023;0,2037
YPD;0;0;0,2143;0,2141;0,2129
YPD;0;4;0,2185;0,2105;0,2193
YPD;0;8;0,2199;0,2141;0,2126
YPD;0;12;0,2125;0,214;0,2125
YPD;0;16;0,2135;0,2126;0,2197
YPD;0;20;0,2134;0,2139;0,2125
YPD;0;24;0,2152;0,2149;0,2115
YPD;0;28;0,2149;0,2148;0,2126
YPD;5;0;0,2185;0,222;0,2194
YPD;5;4;0,2211;0,222;0,2251
YPD;5;8;0,2228;0,221;0,2256
YPD;5;12;0,2208;0,2247;0,2218
YPD;5;16;0,2185;0,2214;0,2254
YPD;5;20;0,2243;0,2234;0,2211
YPD;5;24;0,2222;0,2229;0,2197
YPD;5;28;0,2185;0,2222;0,2193
YPD;10;0;0,2298;0,2284;0,2266
YPD;10;4;0,226;0,2326;0,2314
YPD;10;8;0,2315;0,225;0,2301
YPD;10;12;0,2291;0,2308;0,231
YPD;10;16;0,2288;0,2267;0,2309
YPD;10;20;0,2304;0,2295;0,2292
YPD;10;24;0,2244;0,2267;0,2268
YPD;10;28;0,2302;0,2281;0,2271
YPD;20;0;0,2452;0,2444;0,245
YPD;20;4;0,2446;0,2489;0,2434
YPD;20;8;0,2413;0,2413;0,2442
YPD;20;12;0,247;0,2412;0,2404
YPD;20;16;0,2426;0,2441;0,2407
YPD;20;20;0,2448;0,2476;0,2464
YPD;20;24;0,2466;0,2441;0,2475
YPD;20;28;0,2449;0,2438;0,2445
YPD;40;0;0,2713;0,2706;0,2708
YPD;40;4;0,2722;0,2704;0,2668
YPD;40;8;0,2712;0,2717;0,2728
YPD;40;12;0,2721;0,2682;0,2702
YPD;40;16;0,271;0,2701;0,2725
YPD;40;20;0,2707;0,2672;0,2729
YPD;40;24;0,273;0,2715;0,27
YPD;40;28;0,2709;0,2701;0,2705
