Treatment;Time_dpi;Replicate;Necrotic_pct
NC;7;1;0
NC;7;2;0
NC;7;3;0
NC;10;1;0
NC;10;2;0
NC;10;3;0
NC;14;1;0
NC;14;2;0
NC;14;3;0
NC_BC;7;1;23,926
NC_BC;7;2;26,02
NC_BC;7;3;22,648
NC_BC;10;1;40,755
NC_BC;10;2;42,78
NC_BC;10;3;39,73
NC_BC;14;1;44,579
NC_BC;14;2;42,572
NC_BC;14;3;44,586
Switch_BC;7;1;0
Switch_BC;7;2;0
Switch_BC;7;3;0
Switch_BC;10;1;0
Switch_BC;10;2;0
Switch_BC;10;3;0
Switch_BC;14;1;0
Switch_BC;14;2;0
Switch_BC;14;3;0
Pp1013;7;1;0
Pp1013;7;2;0
Pp1013;7;3;0
Pp1013;10;1;0
Pp1013;10;2;0
Pp1013;10;3;0
Pp1013;14;1;0
Pp1013;14;2;0
Pp1013;14;3;0
Pa1017;7;1;0
Pa1017;7;2;0
Pa1017;7;3;0
Pa1017;10;1;0
Pa1017;10;2;0
Pa1017;10;3;0
Pa1017;14;1;0
Pa1017;14;2;0
Pa1017;14;3;0
Pp1013_BC;7;1;0
Pp1013_BC;7;2;0
Pp1013_BC;7;3;0
Pp1013_BC;10;1;0
Pp1013_BC;10;2;0
Pp1013_BC;10;3;0
Pp1013_BC;14;1;0
Pp1013_BC;14;2;0
Pp1013_BC;14;3;0
Pa1017_BC;7;1;0,972
Pa1017_BC;7;2;0,311
Pa1017_BC;7;3;1,193
Pa1017_BC;10;1;1,475
Pa1017_BC;10;2;0,269
Pa1017_BC;10;3;0,109
Pa1017_BC;14;1;1,582
Pa1017_BC;14;2;0,31
Pa1017_BC;14;3;0,4
