Treatment;Plant;Time;log10_CFU;Compartment
NC;P1;T0;3,612783857;Leaf
NC;P2;T0;3,556302501;Leaf
NC;P3;T0;3,672097858;Leaf
NC;P1;T1;3,614897216;Leaf
NC;P2;T1;3,579783597;Leaf
NC;P3;T1;3,684845362;Leaf
NC;P1;T2;3,633468456;Leaf
NC;P2;T2;3,602059991;Leaf
NC;P3;T2;3,716003344;Leaf
NC;P1;T3;3,681241237;Leaf
NC;P2;T3;3,62324929;Leaf
NC;P3;T3;3,73239376;Leaf
NC;P1;T4;3,662757832;Leaf
NC;P2;T4;3,602059991;Leaf
NC;P3;T4;3,707570176;Leaf
B.C;P1;T0;3,602059991;Leaf
B.C;P2;T0;3,598790507;Leaf
B.C;P3;T0;3,69019608;Leaf
B.C;P1;T1;3,62324929;Leaf
B.C;P2;T1;3,630427875;Leaf
B.C;P3;T1;3,672097858;Leaf
B.C;P1;T2;3,662757832;Leaf
B.C;P2;T2;3,62324929;Leaf
B.C;P3;T2;3,698970004;Leaf
B.C;P1;T3;3,851258349;Leaf
B.C;P2;T3;3,799340549;Leaf
B.C;P3;T3;3,954242509;Leaf
B.C;P1;T4;4,698970004;Leaf
B.C;P2;T4;4,556302501;Leaf
B.C;P3;T4;4,851258349;Leaf
1013;P1;T0;3,707570176;Leaf
1013;P2;T0;3,653212514;Leaf
1013;P3;T0;3,69019608;Leaf
1013;P1;T1;4,707570176;Leaf
1013;P2;T1;4,602059991;Leaf
1013;P3;T1;4,799340549;Leaf
1013;P1;T2;4,301029996;Leaf
1013;P2;T2;4,204119983;Leaf
1013;P3;T2;4,397940009;Leaf
1013;P1;T3;4,204119983;Leaf
1013;P2;T3;4,113943352;Leaf
1013;P3;T3;4,301029996;Leaf
1013;P1;T4;4,079181246;Leaf
1013;P2;T4;4,041392685;Leaf
1013;P3;T4;4,204119983;Leaf
1017;P1;T0;3,672097858;Leaf
1017;P2;T0;3,591064607;Leaf
1017;P3;T0;3,643452676;Leaf
1017;P1;T1;4,342422681;Leaf
1017;P2;T1;4,278753601;Leaf
1017;P3;T1;4,447158031;Leaf
1017;P1;T2;4,041392685;Leaf
1017;P2;T2;3,954242509;Leaf
1017;P3;T2;4,146128036;Leaf
1017;P1;T3;3,977723605;Leaf
1017;P2;T3;3,892094603;Leaf
1017;P3;T3;4,079181246;Leaf
1017;P1;T4;3,903089987;Leaf
1017;P2;T4;3,812913357;Leaf
1017;P3;T4;4;Leaf
1013_plus_B.C;P1;T0;3,612783857;Leaf
1013_plus_B.C;P2;T0;3,579783597;Leaf
1013_plus_B.C;P3;T0;3,662757832;Leaf
1013_plus_B.C;P1;T1;4,763427994;Leaf
1013_plus_B.C;P2;T1;4,69019608;Leaf
1013_plus_B.C;P3;T1;4,838849091;Leaf
1013_plus_B.C;P1;T2;4,380211242;Leaf
1013_plus_B.C;P2;T2;4,301029996;Leaf
1013_plus_B.C;P3;T2;4,477121255;Leaf
1013_plus_B.C;P1;T3;4,462397998;Leaf
1013_plus_B.C;P2;T3;4,380211242;Leaf
1013_plus_B.C;P3;T3;4,556302501;Leaf
1013_plus_B.C;P1;T4;4,255272505;Leaf
1013_plus_B.C;P2;T4;4,204119983;Leaf
1013_plus_B.C;P3;T4;4,322219295;Leaf
1017_plus_B.C;P1;T0;3,681241237;Leaf
1017_plus_B.C;P2;T0;3,716003344;Leaf
1017_plus_B.C;P3;T0;3,662757832;Leaf
1017_plus_B.C;P1;T1;4,397940009;Leaf
1017_plus_B.C;P2;T1;4,322219295;Leaf
1017_plus_B.C;P3;T1;4,477121255;Leaf
1017_plus_B.C;P1;T2;4,113943352;Leaf
1017_plus_B.C;P2;T2;4,041392685;Leaf
1017_plus_B.C;P3;T2;4,204119983;Leaf
1017_plus_B.C;P1;T3;4,255272505;Leaf
1017_plus_B.C;P2;T3;4,204119983;Leaf
1017_plus_B.C;P3;T3;4,342422681;Leaf
1017_plus_B.C;P1;T4;4,544068044;Leaf
1017_plus_B.C;P2;T4;4,462397998;Leaf
1017_plus_B.C;P3;T4;4,681241237;Leaf
NC;P1;T0;6,908485019;Soil
NC;P2;T0;6,949390007;Soil
NC;P3;T0;6,968482949;Soil
NC;P1;T1;6,919078092;Soil
NC;P2;T1;6,908485019;Soil
NC;P3;T1;6,973127854;Soil
NC;P1;T2;6,920123326;Soil
NC;P2;T2;6,843855423;Soil
NC;P3;T2;6,970811611;Soil
NC;P1;T3;6,913813852;Soil
NC;P2;T3;6,84509804;Soil
NC;P3;T3;6,973127854;Soil
NC;P1;T4;6,911690159;Soil
NC;P2;T4;6,952792443;Soil
NC;P3;T4;6,974511693;Soil
B.C;P1;T0;6,897627091;Soil
B.C;P2;T0;6,851258349;Soil
B.C;P3;T0;6,857332496;Soil
B.C;P1;T1;6,903089987;Soil
B.C;P2;T1;6,854306042;Soil
B.C;P3;T1;6,913813852;Soil
B.C;P1;T2;6,898725182;Soil
B.C;P2;T2;6,858537198;Soil
B.C;P3;T2;6,962842681;Soil
B.C;P1;T3;6,908485019;Soil
B.C;P2;T3;6,866287339;Soil
B.C;P3;T3;6,942504106;Soil
B.C;P1;T4;6,934498451;Soil
B.C;P2;T4;6,886490725;Soil
B.C;P3;T4;6,995635195;Soil
1013;P1;T0;6,944482672;Soil
1013;P2;T0;6,857332496;Soil
1013;P3;T0;6,921166051;Soil
1013;P1;T1;6,919078092;Soil
1013;P2;T1;7,041392685;Soil
1013;P3;T1;7,176091259;Soil
1013;P1;T2;6,977723605;Soil
1013;P2;T2;6,949390007;Soil
1013;P3;T2;7,041392685;Soil
1013;P1;T3;6,959041392;Soil
1013;P2;T3;6,934498451;Soil
1013;P3;T3;7;Soil
1013;P1;T4;6,944482672;Soil
1013;P2;T4;6,919078092;Soil
1013;P3;T4;6,982271233;Soil
1017;P1;T0;6,897627091;Soil
1017;P2;T0;6,851258349;Soil
1017;P3;T0;6,886490725;Soil
1017;P1;T1;7,041392685;Soil
1017;P2;T1;6,991226076;Soil
1017;P3;T1;7,079181246;Soil
1017;P1;T2;6,954242509;Soil
1017;P2;T2;6,924279286;Soil
1017;P3;T2;7;Soil
1017;P1;T3;6,939519253;Soil
1017;P2;T3;6,913813852;Soil
1017;P3;T3;6,982271233;Soil
1017;P1;T4;6,929418926;Soil
1017;P2;T4;6,903089987;Soil
1017;P3;T4;6,968482949;Soil
1013_plus_B.C;P1;T0;6,903089987;Soil
1013_plus_B.C;P2;T0;6,913813852;Soil
1013_plus_B.C;P3;T0;6,924279286;Soil
1013_plus_B.C;P1;T1;7,130333768;Soil
1013_plus_B.C;P2;T1;7,06069784;Soil
1013_plus_B.C;P3;T1;7,190331698;Soil
1013_plus_B.C;P1;T2;6,991226076;Soil
1013_plus_B.C;P2;T2;6,963787827;Soil
1013_plus_B.C;P3;T2;7,049218023;Soil
1013_plus_B.C;P1;T3;6,986771734;Soil
1013_plus_B.C;P2;T3;6,954242509;Soil
1013_plus_B.C;P3;T3;7,033423755;Soil
1013_plus_B.C;P1;T4;6,959041392;Soil
1013_plus_B.C;P2;T4;6,934498451;Soil
1013_plus_B.C;P3;T4;7,008600172;Soil
1017_plus_B.C;P1;T0;6,915399835;Soil
1017_plus_B.C;P2;T0;6,960470778;Soil
1017_plus_B.C;P3;T0;6,954242509;Soil
1017_plus_B.C;P1;T1;7,049218023;Soil
1017_plus_B.C;P2;T1;7;Soil
1017_plus_B.C;P3;T1;7,086359831;Soil
1017_plus_B.C;P1;T2;6,959041392;Soil
1017_plus_B.C;P2;T2;6,929418926;Soil
1017_plus_B.C;P3;T2;7,008600172;Soil
1017_plus_B.C;P1;T3;6,954242509;Soil
1017_plus_B.C;P2;T3;6,924279286;Soil
1017_plus_B.C;P3;T3;7;Soil
1017_plus_B.C;P1;T4;6,968482949;Soil
1017_plus_B.C;P2;T4;6,949390007;Soil
1017_plus_B.C;P3;T4;7,021189299;Soil
