Treatment code;Treatment;Gene;Sample;Plant;Time (dpi);ΔCt;Observed;Primary n for cell
NC;Negative Control;VvJAZ1;CN1T1;1;3;2,24899578094482;YES;3
NC;Negative Control;VvJAZ1;CN2T1;2;3;1,24673906962077;YES;3
NC;Negative Control;VvJAZ1;CN3T1;3;3;2,29217910766602;YES;3
NC_BC;Negative Control + Botrytis cinerea;VvJAZ1;CN+BC1T1;1;3;2,47666666666667;YES;3
NC_BC;Negative Control + Botrytis cinerea;VvJAZ1;CN+BC2T1;2;3;0,843333333333334;YES;3
NC_BC;Negative Control + Botrytis cinerea;VvJAZ1;CN+BC3T1;3;3;1,94666666666667;YES;3
1013;Ps. putida 1013;VvJAZ1;10131T1;1;3;5,35333333333333;YES;3
1013;Ps. putida 1013;VvJAZ1;10132T1;2;3;3,54333333333333;YES;3
1013;Ps. putida 1013;VvJAZ1;10133T1;3;3;1,53333333333333;YES;3
1013_BC;Ps. putida 1013 + B. cinerea;VvJAZ1;1013+BC1T1;1;3;2,42707633972168;YES;3
1013_BC;Ps. putida 1013 + B. cinerea;VvJAZ1;1013+BC2T1;2;3;2,526824315389;YES;3
1013_BC;Ps. putida 1013 + B. cinerea;VvJAZ1;1013+BC3T1;3;3;0,605949401855469;YES;3
1017;Pa. agglomerans 1017;VvJAZ1;10171T1;1;3;1,38333333333333;YES;3
1017;Pa. agglomerans 1017;VvJAZ1;10172T1;2;3;2,34666666666667;YES;3
1017;Pa. agglomerans 1017;VvJAZ1;10173T1;3;3;0,829999999999998;YES;3
1017_BC;Pa. agglomerans 1017 + B. cinerea;VvJAZ1;1017+BC1T1;1;3;;NO;2
1017_BC;Pa. agglomerans 1017 + B. cinerea;VvJAZ1;1017+BC2T1;2;3;3,63;YES;2
1017_BC;Pa. agglomerans 1017 + B. cinerea;VvJAZ1;1017+BC3T1;3;3;-0,643333333333331;YES;2
NC;Negative Control;VvJAZ1;CN1T2;1;5;1,72631518046061;YES;3
NC;Negative Control;VvJAZ1;CN2T2;2;5;2,61298433939616;YES;3
NC;Negative Control;VvJAZ1;CN3T2;3;5;1,79580370585124;YES;3
NC_BC;Negative Control + Botrytis cinerea;VvJAZ1;CN+BC1T2;1;5;2,63333333333333;YES;3
NC_BC;Negative Control + Botrytis cinerea;VvJAZ1;CN+BC2T2;2;5;1,23;YES;3
NC_BC;Negative Control + Botrytis cinerea;VvJAZ1;CN+BC3T2;3;5;0,16;YES;3
1013;Ps. putida 1013;VvJAZ1;10131T2;1;5;0,68;YES;3
1013;Ps. putida 1013;VvJAZ1;10132T2;2;5;5,30333333333333;YES;3
1013;Ps. putida 1013;VvJAZ1;10133T2;3;5;1,54333333333333;YES;3
1013_BC;Ps. putida 1013 + B. cinerea;VvJAZ1;1013+BC1T2;1;5;0,865034739176433;YES;3
1013_BC;Ps. putida 1013 + B. cinerea;VvJAZ1;1013+BC2T2;2;5;-0,365019480387371;YES;3
1013_BC;Ps. putida 1013 + B. cinerea;VvJAZ1;1013+BC3T2;3;5;2,73604456583659;YES;3
1017;Pa. agglomerans 1017;VvJAZ1;10171T2;1;5;0,686666666666667;YES;3
1017;Pa. agglomerans 1017;VvJAZ1;10172T2;2;5;0,853333333333332;YES;3
1017;Pa. agglomerans 1017;VvJAZ1;10173T2;3;5;1,34;YES;3
1017_BC;Pa. agglomerans 1017 + B. cinerea;VvJAZ1;1017+BC1T2;1;5;1,12333333333333;YES;3
1017_BC;Pa. agglomerans 1017 + B. cinerea;VvJAZ1;1017+BC2T2;2;5;-0,623333333333331;YES;3
1017_BC;Pa. agglomerans 1017 + B. cinerea;VvJAZ1;1017+BC3T2;3;5;-1,77333333333334;YES;3
NC;Negative Control;VvJAZ1;CN1T3;1;7;0,631261189778648;YES;3
NC;Negative Control;VvJAZ1;CN2T3;2;7;1,16083526611328;YES;3
NC;Negative Control;VvJAZ1;CN3T3;3;7;-0,829882939656578;YES;3
NC_BC;Negative Control + Botrytis cinerea;VvJAZ1;CN+BC1T3;1;7;0,230000000000004;YES;3
NC_BC;Negative Control + Botrytis cinerea;VvJAZ1;CN+BC2T3;2;7;0,443333333333332;YES;3
NC_BC;Negative Control + Botrytis cinerea;VvJAZ1;CN+BC3T3;3;7;-0,723333333333336;YES;3
1013;Ps. putida 1013;VvJAZ1;10131T3;1;7;-0,159999999999997;YES;3
1013;Ps. putida 1013;VvJAZ1;10132T3;2;7;0,710000000000001;YES;3
1013;Ps. putida 1013;VvJAZ1;10133T3;3;7;1,80666666666666;YES;3
1013_BC;Ps. putida 1013 + B. cinerea;VvJAZ1;1013+BC1T3;1;7;-0,817171096801758;YES;3
1013_BC;Ps. putida 1013 + B. cinerea;VvJAZ1;1013+BC2T3;2;7;-0,232703526814781;YES;3
1013_BC;Ps. putida 1013 + B. cinerea;VvJAZ1;1013+BC3T3;3;7;-0,0521278381347656;YES;3
1017;Pa. agglomerans 1017;VvJAZ1;10171T3;1;7;0,440000000000001;YES;3
1017;Pa. agglomerans 1017;VvJAZ1;10172T3;2;7;0,609999999999999;YES;3
1017;Pa. agglomerans 1017;VvJAZ1;10173T3;3;7;1,80666666666667;YES;3
1017_BC;Pa. agglomerans 1017 + B. cinerea;VvJAZ1;1017+BC1T3;1;7;-1,18333333333333;YES;3
1017_BC;Pa. agglomerans 1017 + B. cinerea;VvJAZ1;1017+BC2T3;2;7;-0,593333333333334;YES;3
1017_BC;Pa. agglomerans 1017 + B. cinerea;VvJAZ1;1017+BC3T3;3;7;1,48333333333334;YES;3
NC;Negative Control;VvJAZ1;CN1T4;1;10;0,613220850626625;YES;3
NC;Negative Control;VvJAZ1;CN2T4;2;10;-0,211035410563152;YES;3
NC;Negative Control;VvJAZ1;CN3T4;3;10;0,612799962361656;YES;3
NC_BC;Negative Control + Botrytis cinerea;VvJAZ1;CN+BC1T4;1;10;1,00666666666667;YES;3
NC_BC;Negative Control + Botrytis cinerea;VvJAZ1;CN+BC2T4;2;10;0,539999999999999;YES;3
NC_BC;Negative Control + Botrytis cinerea;VvJAZ1;CN+BC3T4;3;10;0,979999999999997;YES;3
1013;Ps. putida 1013;VvJAZ1;10131T4;1;10;0,973333333333333;YES;3
1013;Ps. putida 1013;VvJAZ1;10132T4;2;10;-1,53333333333334;YES;3
1013;Ps. putida 1013;VvJAZ1;10133T4;3;10;-0,240000000000002;YES;3
1013_BC;Ps. putida 1013 + B. cinerea;VvJAZ1;1013+BC1T4;1;10;-0,0951951344807931;YES;3
1013_BC;Ps. putida 1013 + B. cinerea;VvJAZ1;1013+BC2T4;2;10;0,784039815266929;YES;3
1013_BC;Ps. putida 1013 + B. cinerea;VvJAZ1;1013+BC3T4;3;10;2,43122291564941;YES;3
1017;Pa. agglomerans 1017;VvJAZ1;10171T4;1;10;0,326666666666668;YES;3
1017;Pa. agglomerans 1017;VvJAZ1;10172T4;2;10;0,196666666666669;YES;3
1017;Pa. agglomerans 1017;VvJAZ1;10173T4;3;10;0,606666666666666;YES;3
1017_BC;Pa. agglomerans 1017 + B. cinerea;VvJAZ1;1017+BC1T4;1;10;-0,646666666666668;YES;3
1017_BC;Pa. agglomerans 1017 + B. cinerea;VvJAZ1;1017+BC2T4;2;10;-0,550000000000001;YES;3
1017_BC;Pa. agglomerans 1017 + B. cinerea;VvJAZ1;1017+BC3T4;3;10;1,37;YES;3
NC;Negative Control;VvJAZ1;CN1T5;1;14;0,938767115275066;YES;3
NC;Negative Control;VvJAZ1;CN2T5;2;14;2,64756965637207;YES;3
NC;Negative Control;VvJAZ1;CN3T5;3;14;1,22786076863607;YES;3
NC_BC;Negative Control + Botrytis cinerea;VvJAZ1;CN+BC1T5;1;14;-0,433333333333334;YES;3
NC_BC;Negative Control + Botrytis cinerea;VvJAZ1;CN+BC2T5;2;14;0,563333333333333;YES;3
NC_BC;Negative Control + Botrytis cinerea;VvJAZ1;CN+BC3T5;3;14;-0,216666666666669;YES;3
1013;Ps. putida 1013;VvJAZ1;10131T5;1;14;-1,44333333333333;YES;3
1013;Ps. putida 1013;VvJAZ1;10132T5;2;14;-0,943333333333332;YES;3
1013;Ps. putida 1013;VvJAZ1;10133T5;3;14;-0,356666666666669;YES;3
1013_BC;Ps. putida 1013 + B. cinerea;VvJAZ1;1013+BC1T5;1;14;-2,12109883626302;YES;3
1013_BC;Ps. putida 1013 + B. cinerea;VvJAZ1;1013+BC2T5;2;14;0,39201545715332;YES;3
1013_BC;Ps. putida 1013 + B. cinerea;VvJAZ1;1013+BC3T5;3;14;0,55267333984375;YES;3
1017;Pa. agglomerans 1017;VvJAZ1;10171T5;1;14;-0,956666666666671;YES;3
1017;Pa. agglomerans 1017;VvJAZ1;10172T5;2;14;-1,10333333333334;YES;3
1017;Pa. agglomerans 1017;VvJAZ1;10173T5;3;14;-1,54666666666667;YES;3
1017_BC;Pa. agglomerans 1017 + B. cinerea;VvJAZ1;1017+BC1T5;1;14;-0,0666666666666664;YES;3
1017_BC;Pa. agglomerans 1017 + B. cinerea;VvJAZ1;1017+BC2T5;2;14;0,656666666666673;YES;3
1017_BC;Pa. agglomerans 1017 + B. cinerea;VvJAZ1;1017+BC3T5;3;14;-1,24;YES;3
NC;Negative Control;VvPAL1;CN1T1;1;3;3,91333333333334;YES;3
NC;Negative Control;VvPAL1;CN2T1;2;3;4,25;YES;3
NC;Negative Control;VvPAL1;CN3T1;3;3;3,97;YES;3
NC_BC;Negative Control + Botrytis cinerea;VvPAL1;CN+BC1T1;1;3;6,6370096206665;YES;2
NC_BC;Negative Control + Botrytis cinerea;VvPAL1;CN+BC2T1;2;3;;NO;2
NC_BC;Negative Control + Botrytis cinerea;VvPAL1;CN+BC3T1;3;3;5,81188583374023;YES;2
1013;Ps. putida 1013;VvPAL1;10131T1;1;3;1,59084447224935;YES;3
1013;Ps. putida 1013;VvPAL1;10132T1;2;3;6,87053298950195;YES;3
1013;Ps. putida 1013;VvPAL1;10133T1;3;3;4,19860394795736;YES;3
1013_BC;Ps. putida 1013 + B. cinerea;VvPAL1;1013+BC1T1;1;3;-1,00666666666667;YES;3
1013_BC;Ps. putida 1013 + B. cinerea;VvPAL1;1013+BC2T1;2;3;4,99333333333334;YES;3
1013_BC;Ps. putida 1013 + B. cinerea;VvPAL1;1013+BC3T1;3;3;4,12;YES;3
1017;Pa. agglomerans 1017;VvPAL1;10171T1;1;3;4,33;YES;3
1017;Pa. agglomerans 1017;VvPAL1;10172T1;2;3;5,05333333333334;YES;3
1017;Pa. agglomerans 1017;VvPAL1;10173T1;3;3;3,35333333333334;YES;3
1017_BC;Pa. agglomerans 1017 + B. cinerea;VvPAL1;1017+BC1T1;1;3;4,38368352254232;YES;3
1017_BC;Pa. agglomerans 1017 + B. cinerea;VvPAL1;1017+BC2T1;2;3;6,89903704325358;YES;3
1017_BC;Pa. agglomerans 1017 + B. cinerea;VvPAL1;1017+BC3T1;3;3;3,88311258951823;YES;3
NC;Negative Control;VvPAL1;CN1T2;1;5;3,90333333333334;YES;3
NC;Negative Control;VvPAL1;CN2T2;2;5;4,04;YES;3
NC;Negative Control;VvPAL1;CN3T2;3;5;3,86666666666667;YES;3
NC_BC;Negative Control + Botrytis cinerea;VvPAL1;CN+BC1T2;1;5;4,05496152242025;YES;3
NC_BC;Negative Control + Botrytis cinerea;VvPAL1;CN+BC2T2;2;5;7,53149096171061;YES;3
NC_BC;Negative Control + Botrytis cinerea;VvPAL1;CN+BC3T2;3;5;5,32846895853678;YES;3
1013;Ps. putida 1013;VvPAL1;10131T2;1;5;3,89883295694987;YES;3
1013;Ps. putida 1013;VvPAL1;10132T2;2;5;5,03549957275391;YES;3
1013;Ps. putida 1013;VvPAL1;10133T2;3;5;6,2847957611084;YES;3
1013_BC;Ps. putida 1013 + B. cinerea;VvPAL1;1013+BC1T2;1;5;0,606666666666669;YES;3
1013_BC;Ps. putida 1013 + B. cinerea;VvPAL1;1013+BC2T2;2;5;-3,17333333333333;YES;3
1013_BC;Ps. putida 1013 + B. cinerea;VvPAL1;1013+BC3T2;3;5;2,65333333333333;YES;3
1017;Pa. agglomerans 1017;VvPAL1;10171T2;1;5;-1,41333333333333;YES;3
1017;Pa. agglomerans 1017;VvPAL1;10172T2;2;5;3,62333333333333;YES;3
1017;Pa. agglomerans 1017;VvPAL1;10173T2;3;5;3,45;YES;3
1017_BC;Pa. agglomerans 1017 + B. cinerea;VvPAL1;1017+BC1T2;1;5;5,80324427286784;YES;3
1017_BC;Pa. agglomerans 1017 + B. cinerea;VvPAL1;1017+BC2T2;2;5;5,97133000691732;YES;3
1017_BC;Pa. agglomerans 1017 + B. cinerea;VvPAL1;1017+BC3T2;3;5;3,69036610921224;YES;3
NC;Negative Control;VvPAL1;CN1T3;1;7;3,58333333333333;YES;3
NC;Negative Control;VvPAL1;CN2T3;2;7;2,90333333333334;YES;3
NC;Negative Control;VvPAL1;CN3T3;3;7;3,67333333333333;YES;3
NC_BC;Negative Control + Botrytis cinerea;VvPAL1;CN+BC1T3;1;7;7,17966079711914;YES;3
NC_BC;Negative Control + Botrytis cinerea;VvPAL1;CN+BC2T3;2;7;5,65111796061198;YES;3
NC_BC;Negative Control + Botrytis cinerea;VvPAL1;CN+BC3T3;3;7;7,21560541788737;YES;3
1013;Ps. putida 1013;VvPAL1;10131T3;1;7;3,42191632588704;YES;3
1013;Ps. putida 1013;VvPAL1;10132T3;2;7;3,41985448201497;YES;3
1013;Ps. putida 1013;VvPAL1;10133T3;3;7;4,03754043579102;YES;3
1013_BC;Ps. putida 1013 + B. cinerea;VvPAL1;1013+BC1T3;1;7;1,61;YES;3
1013_BC;Ps. putida 1013 + B. cinerea;VvPAL1;1013+BC2T3;2;7;4,27333333333333;YES;3
1013_BC;Ps. putida 1013 + B. cinerea;VvPAL1;1013+BC3T3;3;7;7,26;YES;3
1017;Pa. agglomerans 1017;VvPAL1;10171T3;1;7;4,90333333333333;YES;3
1017;Pa. agglomerans 1017;VvPAL1;10172T3;2;7;4,6;YES;3
1017;Pa. agglomerans 1017;VvPAL1;10173T3;3;7;5,20666666666667;YES;3
1017_BC;Pa. agglomerans 1017 + B. cinerea;VvPAL1;1017+BC1T3;1;7;5,42781321207682;YES;3
1017_BC;Pa. agglomerans 1017 + B. cinerea;VvPAL1;1017+BC2T3;2;7;4,70810508728027;YES;3
1017_BC;Pa. agglomerans 1017 + B. cinerea;VvPAL1;1017+BC3T3;3;7;3,07051658630371;YES;3
NC;Negative Control;VvPAL1;CN1T4;1;10;3,51666666666667;YES;3
NC;Negative Control;VvPAL1;CN2T4;2;10;4,33666666666667;YES;3
NC;Negative Control;VvPAL1;CN3T4;3;10;5,11666666666667;YES;3
NC_BC;Negative Control + Botrytis cinerea;VvPAL1;CN+BC1T4;1;10;8,66508483886719;YES;3
NC_BC;Negative Control + Botrytis cinerea;VvPAL1;CN+BC2T4;2;10;7,53131866455078;YES;3
NC_BC;Negative Control + Botrytis cinerea;VvPAL1;CN+BC3T4;3;10;6,59564145406087;YES;3
1013;Ps. putida 1013;VvPAL1;10131T4;1;10;3,97684733072916;YES;3
1013;Ps. putida 1013;VvPAL1;10132T4;2;10;3,77687454223633;YES;3
1013;Ps. putida 1013;VvPAL1;10133T4;3;10;4,24034436543782;YES;3
1013_BC;Ps. putida 1013 + B. cinerea;VvPAL1;1013+BC1T4;1;10;3,02333333333333;YES;3
1013_BC;Ps. putida 1013 + B. cinerea;VvPAL1;1013+BC2T4;2;10;-1,11666666666667;YES;3
1013_BC;Ps. putida 1013 + B. cinerea;VvPAL1;1013+BC3T4;3;10;4,57000000000001;YES;3
1017;Pa. agglomerans 1017;VvPAL1;10171T4;1;10;4,60333333333334;YES;3
1017;Pa. agglomerans 1017;VvPAL1;10172T4;2;10;3,61666666666667;YES;3
1017;Pa. agglomerans 1017;VvPAL1;10173T4;3;10;3,05333333333333;YES;3
1017_BC;Pa. agglomerans 1017 + B. cinerea;VvPAL1;1017+BC1T4;1;10;4,82770284016927;YES;3
1017_BC;Pa. agglomerans 1017 + B. cinerea;VvPAL1;1017+BC2T4;2;10;4,99840863545736;YES;3
1017_BC;Pa. agglomerans 1017 + B. cinerea;VvPAL1;1017+BC3T4;3;10;8,85989634195963;YES;3
NC;Negative Control;VvPAL1;CN1T5;1;14;0,136666666666667;YES;3
NC;Negative Control;VvPAL1;CN2T5;2;14;1,82666666666666;YES;3
NC;Negative Control;VvPAL1;CN3T5;3;14;2,64;YES;3
NC_BC;Negative Control + Botrytis cinerea;VvPAL1;CN+BC1T5;1;14;3,97594134012858;YES;3
NC_BC;Negative Control + Botrytis cinerea;VvPAL1;CN+BC2T5;2;14;3,5140012105306;YES;3
NC_BC;Negative Control + Botrytis cinerea;VvPAL1;CN+BC3T5;3;14;7,42414093017578;YES;3
1013;Ps. putida 1013;VvPAL1;10131T5;1;14;2,44624519348145;YES;3
1013;Ps. putida 1013;VvPAL1;10132T5;2;14;2,43982950846354;YES;3
1013;Ps. putida 1013;VvPAL1;10133T5;3;14;3,34037907918294;YES;3
1013_BC;Ps. putida 1013 + B. cinerea;VvPAL1;1013+BC1T5;1;14;-2,03333333333333;YES;3
1013_BC;Ps. putida 1013 + B. cinerea;VvPAL1;1013+BC2T5;2;14;-0,676666666666662;YES;3
1013_BC;Ps. putida 1013 + B. cinerea;VvPAL1;1013+BC3T5;3;14;1,44;YES;3
1017;Pa. agglomerans 1017;VvPAL1;10171T5;1;14;6,86666666666667;YES;3
1017;Pa. agglomerans 1017;VvPAL1;10172T5;2;14;4,15;YES;3
1017;Pa. agglomerans 1017;VvPAL1;10173T5;3;14;3,52666666666667;YES;3
1017_BC;Pa. agglomerans 1017 + B. cinerea;VvPAL1;1017+BC1T5;1;14;5,92840258280436;YES;3
1017_BC;Pa. agglomerans 1017 + B. cinerea;VvPAL1;1017+BC2T5;2;14;3,74926439921061;YES;3
1017_BC;Pa. agglomerans 1017 + B. cinerea;VvPAL1;1017+BC3T5;3;14;2,52245330810547;YES;3
NC;Negative Control;VvRBOHD;CN1T1;1;3;10,4899190266927;YES;3
NC;Negative Control;VvRBOHD;CN2T1;2;3;13,8635238011678;YES;3
NC;Negative Control;VvRBOHD;CN3T1;3;3;8,95612208048503;YES;3
NC_BC;Negative Control + Botrytis cinerea;VvRBOHD;CN+BC1T1;1;3;9,78759256998698;YES;3
NC_BC;Negative Control + Botrytis cinerea;VvRBOHD;CN+BC2T1;2;3;9,64767837524414;YES;3
NC_BC;Negative Control + Botrytis cinerea;VvRBOHD;CN+BC3T1;3;3;9,021271387736;YES;3
1013;Ps. putida 1013;VvRBOHD;10131T1;1;3;8,17975234985352;YES;3
1013;Ps. putida 1013;VvRBOHD;10132T1;2;3;13,6889400482178;YES;3
1013;Ps. putida 1013;VvRBOHD;10133T1;3;3;7,70602544148763;YES;3
1013_BC;Ps. putida 1013 + B. cinerea;VvRBOHD;1013+BC1T1;1;3;10,8733333333333;YES;3
1013_BC;Ps. putida 1013 + B. cinerea;VvRBOHD;1013+BC2T1;2;3;10,06;YES;3
1013_BC;Ps. putida 1013 + B. cinerea;VvRBOHD;1013+BC3T1;3;3;2,05333333333333;YES;3
1017;Pa. agglomerans 1017;VvRBOHD;10171T1;1;3;7,77907498677571;YES;3
1017;Pa. agglomerans 1017;VvRBOHD;10172T1;2;3;8,31628290812175;YES;3
1017;Pa. agglomerans 1017;VvRBOHD;10173T1;3;3;9,30759684244791;YES;3
1017_BC;Pa. agglomerans 1017 + B. cinerea;VvRBOHD;1017+BC1T1;1;3;9,03040377298991;YES;3
1017_BC;Pa. agglomerans 1017 + B. cinerea;VvRBOHD;1017+BC2T1;2;3;7,32667414347331;YES;3
1017_BC;Pa. agglomerans 1017 + B. cinerea;VvRBOHD;1017+BC3T1;3;3;7,40957641601562;YES;3
NC;Negative Control;VvRBOHD;CN1T2;1;5;6,56762949625651;YES;3
NC;Negative Control;VvRBOHD;CN2T2;2;5;9,08379809061686;YES;3
NC;Negative Control;VvRBOHD;CN3T2;3;5;11,0494759877523;YES;3
NC_BC;Negative Control + Botrytis cinerea;VvRBOHD;CN+BC1T2;1;5;7,87175432840983;YES;3
NC_BC;Negative Control + Botrytis cinerea;VvRBOHD;CN+BC2T2;2;5;10,1375764211019;YES;3
NC_BC;Negative Control + Botrytis cinerea;VvRBOHD;CN+BC3T2;3;5;7,77737172444662;YES;3
1013;Ps. putida 1013;VvRBOHD;10131T2;1;5;8,53926849365234;YES;3
1013;Ps. putida 1013;VvRBOHD;10132T2;2;5;8,53157679239909;YES;3
1013;Ps. putida 1013;VvRBOHD;10133T2;3;5;10,8059895833333;YES;3
1013_BC;Ps. putida 1013 + B. cinerea;VvRBOHD;1013+BC1T2;1;5;9,04666666666667;YES;3
1013_BC;Ps. putida 1013 + B. cinerea;VvRBOHD;1013+BC2T2;2;5;7,81;YES;3
1013_BC;Ps. putida 1013 + B. cinerea;VvRBOHD;1013+BC3T2;3;5;7,33666666666667;YES;3
1017;Pa. agglomerans 1017;VvRBOHD;10171T2;1;5;8,99223391215007;YES;3
1017;Pa. agglomerans 1017;VvRBOHD;10172T2;2;5;7,60239283243815;YES;3
1017;Pa. agglomerans 1017;VvRBOHD;10173T2;3;5;8,71747779846191;YES;3
1017_BC;Pa. agglomerans 1017 + B. cinerea;VvRBOHD;1017+BC1T2;1;5;9,32138125101725;YES;3
1017_BC;Pa. agglomerans 1017 + B. cinerea;VvRBOHD;1017+BC2T2;2;5;8,99005762736003;YES;3
1017_BC;Pa. agglomerans 1017 + B. cinerea;VvRBOHD;1017+BC3T2;3;5;9,57973670959472;YES;3
NC;Negative Control;VvRBOHD;CN1T3;1;7;7,33413950602214;YES;3
NC;Negative Control;VvRBOHD;CN2T3;2;7;6,97931480407715;YES;3
NC;Negative Control;VvRBOHD;CN3T3;3;7;9,25721804300944;YES;3
NC_BC;Negative Control + Botrytis cinerea;VvRBOHD;CN+BC1T3;1;7;8,876371383667;YES;3
NC_BC;Negative Control + Botrytis cinerea;VvRBOHD;CN+BC2T3;2;7;9,05766359965007;YES;3
NC_BC;Negative Control + Botrytis cinerea;VvRBOHD;CN+BC3T3;3;7;8,41039085388184;YES;3
1013;Ps. putida 1013;VvRBOHD;10131T3;1;7;8,7634220123291;YES;3
1013;Ps. putida 1013;VvRBOHD;10132T3;2;7;7,35881233215332;YES;3
1013;Ps. putida 1013;VvRBOHD;10133T3;3;7;7,08635711669922;YES;3
1013_BC;Ps. putida 1013 + B. cinerea;VvRBOHD;1013+BC1T3;1;7;5,51333333333334;YES;3
1013_BC;Ps. putida 1013 + B. cinerea;VvRBOHD;1013+BC2T3;2;7;8,49666666666667;YES;3
1013_BC;Ps. putida 1013 + B. cinerea;VvRBOHD;1013+BC3T3;3;7;5,13;YES;3
1017;Pa. agglomerans 1017;VvRBOHD;10171T3;1;7;9,99759674072266;YES;3
1017;Pa. agglomerans 1017;VvRBOHD;10172T3;2;7;8,66877873738607;YES;3
1017;Pa. agglomerans 1017;VvRBOHD;10173T3;3;7;7,8820743560791;YES;3
1017_BC;Pa. agglomerans 1017 + B. cinerea;VvRBOHD;1017+BC1T3;1;7;5,65064430236816;YES;3
1017_BC;Pa. agglomerans 1017 + B. cinerea;VvRBOHD;1017+BC2T3;2;7;6,72955385843913;YES;3
1017_BC;Pa. agglomerans 1017 + B. cinerea;VvRBOHD;1017+BC3T3;3;7;10,8555145263672;YES;3
NC;Negative Control;VvRBOHD;CN1T4;1;10;10,4152336120605;YES;3
NC;Negative Control;VvRBOHD;CN2T4;2;10;8,46624310811361;YES;3
NC;Negative Control;VvRBOHD;CN3T4;3;10;7,97787920633952;YES;3
NC_BC;Negative Control + Botrytis cinerea;VvRBOHD;CN+BC1T4;1;10;7,96063804626465;YES;3
NC_BC;Negative Control + Botrytis cinerea;VvRBOHD;CN+BC2T4;2;10;9,49575614929199;YES;3
NC_BC;Negative Control + Botrytis cinerea;VvRBOHD;CN+BC3T4;3;10;7,67170270284017;YES;3
1013;Ps. putida 1013;VvRBOHD;10131T4;1;10;7,47047106424967;YES;3
1013;Ps. putida 1013;VvRBOHD;10132T4;2;10;6,62756729125977;YES;3
1013;Ps. putida 1013;VvRBOHD;10133T4;3;10;7,00949160257975;YES;3
1013_BC;Ps. putida 1013 + B. cinerea;VvRBOHD;1013+BC1T4;1;10;6,28666666666667;YES;3
1013_BC;Ps. putida 1013 + B. cinerea;VvRBOHD;1013+BC2T4;2;10;4,37666666666667;YES;3
1013_BC;Ps. putida 1013 + B. cinerea;VvRBOHD;1013+BC3T4;3;10;8,48333333333333;YES;3
1017;Pa. agglomerans 1017;VvRBOHD;10171T4;1;10;8,81840578715007;YES;3
1017;Pa. agglomerans 1017;VvRBOHD;10172T4;2;10;9,01581128438314;YES;3
1017;Pa. agglomerans 1017;VvRBOHD;10173T4;3;10;10,0426193873088;YES;3
1017_BC;Pa. agglomerans 1017 + B. cinerea;VvRBOHD;1017+BC1T4;1;10;9,42531394958496;YES;3
1017_BC;Pa. agglomerans 1017 + B. cinerea;VvRBOHD;1017+BC2T4;2;10;7,95775922139486;YES;3
1017_BC;Pa. agglomerans 1017 + B. cinerea;VvRBOHD;1017+BC3T4;3;10;7,99241828918457;YES;3
NC;Negative Control;VvRBOHD;CN1T5;1;14;9,33107248942057;YES;3
NC;Negative Control;VvRBOHD;CN2T5;2;14;10,1622263590495;YES;3
NC;Negative Control;VvRBOHD;CN3T5;3;14;8,57298851013184;YES;3
NC_BC;Negative Control + Botrytis cinerea;VvRBOHD;CN+BC1T5;1;14;7,5606689453125;YES;3
NC_BC;Negative Control + Botrytis cinerea;VvRBOHD;CN+BC2T5;2;14;8,90234184265137;YES;3
NC_BC;Negative Control + Botrytis cinerea;VvRBOHD;CN+BC3T5;3;14;7,8890069325765;YES;3
1013;Ps. putida 1013;VvRBOHD;10131T5;1;14;7,63650131225586;YES;3
1013;Ps. putida 1013;VvRBOHD;10132T5;2;14;6,018035252889;YES;3
1013;Ps. putida 1013;VvRBOHD;10133T5;3;14;5,89469718933105;YES;3
1013_BC;Ps. putida 1013 + B. cinerea;VvRBOHD;1013+BC1T5;1;14;4,60666666666667;YES;3
1013_BC;Ps. putida 1013 + B. cinerea;VvRBOHD;1013+BC2T5;2;14;9,49999999999999;YES;3
1013_BC;Ps. putida 1013 + B. cinerea;VvRBOHD;1013+BC3T5;3;14;4,60666666666667;YES;3
1017;Pa. agglomerans 1017;VvRBOHD;10171T5;1;14;7,239777247111;YES;3
1017;Pa. agglomerans 1017;VvRBOHD;10172T5;2;14;5,93050893147786;YES;3
1017;Pa. agglomerans 1017;VvRBOHD;10173T5;3;14;7,31317075093587;YES;3
1017_BC;Pa. agglomerans 1017 + B. cinerea;VvRBOHD;1017+BC1T5;1;14;4,75800514221191;YES;3
1017_BC;Pa. agglomerans 1017 + B. cinerea;VvRBOHD;1017+BC2T5;2;14;4,52517127990722;YES;3
1017_BC;Pa. agglomerans 1017 + B. cinerea;VvRBOHD;1017+BC3T5;3;14;7,89393361409505;YES;3
NC;Negative Control;VvSTS1.2;CN1T1;1;3;2,12691434224447;YES;3
NC;Negative Control;VvSTS1.2;CN2T1;2;3;3,68230247497559;YES;3
NC;Negative Control;VvSTS1.2;CN3T1;3;3;2,00561714172363;YES;3
NC_BC;Negative Control + Botrytis cinerea;VvSTS1.2;CN+BC1T1;1;3;3,94803301493327;YES;3
NC_BC;Negative Control + Botrytis cinerea;VvSTS1.2;CN+BC2T1;2;3;3,65334510803223;YES;3
NC_BC;Negative Control + Botrytis cinerea;VvSTS1.2;CN+BC3T1;3;3;0,897617975870769;YES;3
1013;Ps. putida 1013;VvSTS1.2;10131T1;1;3;-0,973846435546875;YES;3
1013;Ps. putida 1013;VvSTS1.2;10132T1;2;3;3,17236773173014;YES;3
1013;Ps. putida 1013;VvSTS1.2;10133T1;3;3;1,46903991699219;YES;3
1013_BC;Ps. putida 1013 + B. cinerea;VvSTS1.2;1013+BC1T1;1;3;2,07224718729655;YES;3
1013_BC;Ps. putida 1013 + B. cinerea;VvSTS1.2;1013+BC2T1;2;3;3,12749608357747;YES;3
1013_BC;Ps. putida 1013 + B. cinerea;VvSTS1.2;1013+BC3T1;3;3;3,28878657023112;YES;3
1017;Pa. agglomerans 1017;VvSTS1.2;10171T1;1;3;1,80889892578125;YES;3
1017;Pa. agglomerans 1017;VvSTS1.2;10172T1;2;3;2,94927597045898;YES;3
1017;Pa. agglomerans 1017;VvSTS1.2;10173T1;3;3;0,733039220174156;YES;3
1017_BC;Pa. agglomerans 1017 + B. cinerea;VvSTS1.2;1017+BC1T1;1;3;4,36183929443359;YES;3
1017_BC;Pa. agglomerans 1017 + B. cinerea;VvSTS1.2;1017+BC2T1;2;3;4,42908732096354;YES;3
1017_BC;Pa. agglomerans 1017 + B. cinerea;VvSTS1.2;1017+BC3T1;3;3;2,42993672688802;YES;3
NC;Negative Control;VvSTS1.2;CN1T2;1;5;3,20336532592773;YES;3
NC;Negative Control;VvSTS1.2;CN2T2;2;5;2,05517196655273;YES;3
NC;Negative Control;VvSTS1.2;CN3T2;3;5;3,07721455891927;YES;3
NC_BC;Negative Control + Botrytis cinerea;VvSTS1.2;CN+BC1T2;1;5;2,05981763203939;YES;3
NC_BC;Negative Control + Botrytis cinerea;VvSTS1.2;CN+BC2T2;2;5;6,41941769917806;YES;3
NC_BC;Negative Control + Botrytis cinerea;VvSTS1.2;CN+BC3T2;3;5;2,91531689961752;YES;3
1013;Ps. putida 1013;VvSTS1.2;10131T2;1;5;-1,19566790262858;YES;3
1013;Ps. putida 1013;VvSTS1.2;10132T2;2;5;2,17343775431315;YES;3
1013;Ps. putida 1013;VvSTS1.2;10133T2;3;5;4,31195386250814;YES;3
1013_BC;Ps. putida 1013 + B. cinerea;VvSTS1.2;1013+BC1T2;1;5;-1,27474594116211;YES;3
1013_BC;Ps. putida 1013 + B. cinerea;VvSTS1.2;1013+BC2T2;2;5;-2,85674730936686;YES;3
1013_BC;Ps. putida 1013 + B. cinerea;VvSTS1.2;1013+BC3T2;3;5;1,25012270609538;YES;3
1017;Pa. agglomerans 1017;VvSTS1.2;10171T2;1;5;2,48192087809245;YES;3
1017;Pa. agglomerans 1017;VvSTS1.2;10172T2;2;5;1,08547528584798;YES;3
1017;Pa. agglomerans 1017;VvSTS1.2;10173T2;3;5;0,956226348876953;YES;3
1017_BC;Pa. agglomerans 1017 + B. cinerea;VvSTS1.2;1017+BC1T2;1;5;3,911345799764;YES;3
1017_BC;Pa. agglomerans 1017 + B. cinerea;VvSTS1.2;1017+BC2T2;2;5;3,96455828348796;YES;3
1017_BC;Pa. agglomerans 1017 + B. cinerea;VvSTS1.2;1017+BC3T2;3;5;5,01076698303223;YES;3
NC;Negative Control;VvSTS1.2;CN1T3;1;7;1,85527928670247;YES;3
NC;Negative Control;VvSTS1.2;CN2T3;2;7;1,23407236735026;YES;3
NC;Negative Control;VvSTS1.2;CN3T3;3;7;1,43414688110352;YES;3
NC_BC;Negative Control + Botrytis cinerea;VvSTS1.2;CN+BC1T3;1;7;4,33070437113444;YES;3
NC_BC;Negative Control + Botrytis cinerea;VvSTS1.2;CN+BC2T3;2;7;1,87879053751627;YES;3
NC_BC;Negative Control + Botrytis cinerea;VvSTS1.2;CN+BC3T3;3;7;2,45422490437825;YES;3
1013;Ps. putida 1013;VvSTS1.2;10131T3;1;7;1,09709103902181;YES;3
1013;Ps. putida 1013;VvSTS1.2;10132T3;2;7;1,2623602549235;YES;3
1013;Ps. putida 1013;VvSTS1.2;10133T3;3;7;0,872982660929363;YES;3
1013_BC;Ps. putida 1013 + B. cinerea;VvSTS1.2;1013+BC1T3;1;7;3,12755457560221;YES;3
1013_BC;Ps. putida 1013 + B. cinerea;VvSTS1.2;1013+BC2T3;2;7;0,897179921468098;YES;3
1013_BC;Ps. putida 1013 + B. cinerea;VvSTS1.2;1013+BC3T3;3;7;3,44786389668783;YES;3
1017;Pa. agglomerans 1017;VvSTS1.2;10171T3;1;7;3,16117795308431;YES;3
1017;Pa. agglomerans 1017;VvSTS1.2;10172T3;2;7;1,22662035624186;YES;3
1017;Pa. agglomerans 1017;VvSTS1.2;10173T3;3;7;1,83411661783854;YES;3
1017_BC;Pa. agglomerans 1017 + B. cinerea;VvSTS1.2;1017+BC1T3;1;7;4,02248255411784;YES;3
1017_BC;Pa. agglomerans 1017 + B. cinerea;VvSTS1.2;1017+BC2T3;2;7;2,04513676961263;YES;3
1017_BC;Pa. agglomerans 1017 + B. cinerea;VvSTS1.2;1017+BC3T3;3;7;3,41808891296387;YES;3
NC;Negative Control;VvSTS1.2;CN1T4;1;10;1,41551907857259;YES;3
NC;Negative Control;VvSTS1.2;CN2T4;2;10;3,62166849772136;YES;3
NC;Negative Control;VvSTS1.2;CN3T4;3;10;3,17954190572103;YES;3
NC_BC;Negative Control + Botrytis cinerea;VvSTS1.2;CN+BC1T4;1;10;4,42130533854167;YES;3
NC_BC;Negative Control + Botrytis cinerea;VvSTS1.2;CN+BC2T4;2;10;2,57863489786784;YES;3
NC_BC;Negative Control + Botrytis cinerea;VvSTS1.2;CN+BC3T4;3;10;3,0046984354655;YES;3
1013;Ps. putida 1013;VvSTS1.2;10131T4;1;10;2,36063639322917;YES;3
1013;Ps. putida 1013;VvSTS1.2;10132T4;2;10;1,73922729492188;YES;3
1013;Ps. putida 1013;VvSTS1.2;10133T4;3;10;3,57944997151693;YES;3
1013_BC;Ps. putida 1013 + B. cinerea;VvSTS1.2;1013+BC1T4;1;10;5,7548942565918;YES;3
1013_BC;Ps. putida 1013 + B. cinerea;VvSTS1.2;1013+BC2T4;2;10;-4,17763900756836;YES;3
1013_BC;Ps. putida 1013 + B. cinerea;VvSTS1.2;1013+BC3T4;3;10;6,83609199523926;YES;3
1017;Pa. agglomerans 1017;VvSTS1.2;10171T4;1;10;1,71285565694173;YES;3
1017;Pa. agglomerans 1017;VvSTS1.2;10172T4;2;10;2,09941101074219;YES;3
1017;Pa. agglomerans 1017;VvSTS1.2;10173T4;3;10;0,458211263020832;YES;3
1017_BC;Pa. agglomerans 1017 + B. cinerea;VvSTS1.2;1017+BC1T4;1;10;5,11308733622233;YES;3
1017_BC;Pa. agglomerans 1017 + B. cinerea;VvSTS1.2;1017+BC2T4;2;10;3,24340311686198;YES;3
1017_BC;Pa. agglomerans 1017 + B. cinerea;VvSTS1.2;1017+BC3T4;3;10;6,05575180053711;YES;3
NC;Negative Control;VvSTS1.2;CN1T5;1;14;0,686791737874351;YES;3
NC;Negative Control;VvSTS1.2;CN2T5;2;14;0,374170939127605;YES;3
NC;Negative Control;VvSTS1.2;CN3T5;3;14;2,2159309387207;YES;3
NC_BC;Negative Control + Botrytis cinerea;VvSTS1.2;CN+BC1T5;1;14;0,550315856933594;YES;3
NC_BC;Negative Control + Botrytis cinerea;VvSTS1.2;CN+BC2T5;2;14;1,23105112711589;YES;3
NC_BC;Negative Control + Botrytis cinerea;VvSTS1.2;CN+BC3T5;3;14;1,55975850423177;YES;3
1013;Ps. putida 1013;VvSTS1.2;10131T5;1;14;2,6852658589681;YES;3
1013;Ps. putida 1013;VvSTS1.2;10132T5;2;14;0,528507232666016;YES;3
1013;Ps. putida 1013;VvSTS1.2;10133T5;3;14;4,12091700236002;YES;3
1013_BC;Ps. putida 1013 + B. cinerea;VvSTS1.2;1013+BC1T5;1;14;3,90982309977214;YES;3
1013_BC;Ps. putida 1013 + B. cinerea;VvSTS1.2;1013+BC2T5;2;14;-1,0504519144694;YES;3
1013_BC;Ps. putida 1013 + B. cinerea;VvSTS1.2;1013+BC3T5;3;14;4,56889533996582;YES;3
1017;Pa. agglomerans 1017;VvSTS1.2;10171T5;1;14;1,26006762186686;YES;3
1017;Pa. agglomerans 1017;VvSTS1.2;10172T5;2;14;3,43137868245443;YES;3
1017;Pa. agglomerans 1017;VvSTS1.2;10173T5;3;14;0,951242446899414;YES;3
1017_BC;Pa. agglomerans 1017 + B. cinerea;VvSTS1.2;1017+BC1T5;1;14;2,68249575297038;YES;3
1017_BC;Pa. agglomerans 1017 + B. cinerea;VvSTS1.2;1017+BC2T5;2;14;1,02671114603678;YES;3
1017_BC;Pa. agglomerans 1017 + B. cinerea;VvSTS1.2;1017+BC3T5;3;14;3,35649808247884;YES;3
